visit_id,admission_date,age,bmi,systolic_bp,smoker,department,length_of_stay_days,insurance_provider,ward,bill_amount
50001,2025-01-01,13,25.1,133.0,Yes,Cardiology,6,,B,34350.0
50002,2025-01-01,37,25.1,123.0,No,Neurology,1,,B,11130.0
50003,2025-01-01,77,30.1,94.0,No,Cardiology,6,,B,50880.0
50004,2025-01-02,82,21.7,130.0,No,General,3,,B,36940.0
50005,2025-01-02,34,23.3,123.0,No,Neurology,2,,B,23620.0
50006,2025-01-03,36,24.8,145.0,Yes,General,2,,B,19710.0
50007,2025-01-03,22,23.8,144.0,No,Orthopaedics,3,,B,11500.0
50008,2025-01-04,19,22.2,132.0,Yes,Neurology,1,,B,16580.0
50009,2025-01-04,49,17.3,145.0,Yes,Orthopaedics,2,,B,28450.0
50010,2025-01-05,54,17.6,124.0,Yes,Paediatrics,6,,B,30400.0
50011,2025-01-05,57,,125.0,No,Orthopaedics,4,,B,22600.0
50012,2025-01-06,52,24.0,113.0,No,Cardiology,4,,B,36130.0
50013,2025-01-06,53,29.5,121.0,No,Neurology,2,,B,13710.0
50014,2025-01-06,70,35.4,128.0,No,Neurology,3,,B,28510.0
50015,2025-01-07,65,32.7,141.0,No,Neurology,2,,B,21640.0
50016,2025-01-07,50,26.8,999,,Cardiology,6,,B,37390.0
50017,2025-01-08,69,,137.0,No,Cardiology,8,,B,50850.0
50018,2025-01-08,1,24.5,160.0,No,Orthopaedics,5,,B,18250.0
50019,2025-01-09,84,22.6,105.0,No,Cardiology,17,,B,74030.0
50020,2025-01-09,44,,121.0,No,Neurology,2,,B,27920.0
50021,2025-01-10,58,,126.0,Yes,Paediatrics,3,,B,31470.0
50022,2025-01-10,17,23.2,140.0,No,Cardiology,3,,B,11080.0
50023,2025-01-11,75,23.8,155.0,No,Paediatrics,5,,B,33670.0
50024,2025-01-11,21,31.6,143.0,No,Neurology,1,,B,17800.0
50025,2025-01-12,54,22.3,125.0,No,Neurology,6,,B,24870.0
50026,2025-01-12,69,28.5,113.0,No,Neurology,7,,B,33920.0
50027,2025-01-12,66,23.2,124.0,No,Orthopaedics,4,,B,21760.0
50028,2025-01-13,86,19.5,125.0,Yes,Neurology,5,,B,39240.0
50029,2025-01-13,43,26.1,129.0,No,Neurology,2,,B,-1670.0
50030,2025-01-14,78,,112.0,No,Paediatrics,3,,B,23070.0
50031,2025-01-14,20,,148.0,No,Cardiology,4,,B,26280.0
50032,2025-01-15,21,21.1,115.0,No,Neurology,3,,B,13800.0
50033,2025-01-15,62,21.5,135.0,,Paediatrics,2,,B,25270.0
50034,2025-01-16,38,29.4,128.0,No,General,3,,B,5100.0
50035,2025-01-16,44,27.1,109.0,No,General,6,,B,32930.0
50036,2025-01-17,77,26.1,126.0,No,Paediatrics,4,,B,39070.0
50037,2025-01-17,2,,125.0,No,Paediatrics,2,,B,19560.0
50038,2025-01-17,75,,122.0,No,Orthopaedics,4,,B,26500.0
50039,2025-01-18,38,27.2,137.0,,Paediatrics,2,,B,11650.0
50040,2025-01-18,6,22.3,118.0,No,Cardiology,5,,B,23390.0
50041,2025-01-19,35,19.0,163.0,Yes,Cardiology,12,,B,55990.0
50042,2025-01-19,25,,142.0,Yes,General,2,,B,19310.0
50043,2025-01-20,74,26.0,112.0,No,Paediatrics,4,,B,20080.0
50044,2025-01-20,53,25.4,88.0,No,General,2,,B,18360.0
50045,2025-01-21,62,29.8,999,No,Neurology,1,,B,19030.0
50046,2025-01-21,18,,129.0,No,Orthopaedics,4,,B,29020.0
50047,2025-01-22,1,24.0,126.0,Yes,Cardiology,6,,B,35330.0
50048,2025-01-22,2,26.8,111.0,No,Paediatrics,2,,B,5840.0
50049,2025-01-23,38,20.7,104.0,No,General,4,,B,22290.0
50050,2025-01-23,20,26.1,98.0,No,Orthopaedics,2,,B,4740.0
50051,2025-01-23,69,23.2,163.0,,Cardiology,7,,B,40630.0
50052,2025-01-24,49,19.9,149.0,No,Cardiology,3,,B,19530.0
50053,2025-01-24,55,30.1,117.0,No,Paediatrics,1,,B,20510.0
50054,2025-01-25,64,18.8,153.0,No,General,2,,B,25130.0
50055,2025-01-25,80,29.5,98.0,Yes,Neurology,6,,B,38980.0
50056,2025-01-26,66,23.2,135.0,No,Orthopaedics,4,,B,29850.0
50057,2025-01-26,52,20.8,136.0,Yes,Cardiology,4,,B,38790.0
50058,2025-01-27,51,,999,No,Neurology,2,,B,9980.0
50059,2025-01-27,14,,118.0,Yes,Neurology,3,,B,34940.0
50060,2025-01-28,54,21.2,110.0,No,Orthopaedics,1,,B,9390.0
50061,2025-01-28,71,26.2,126.0,No,Paediatrics,3,,B,40550.0
50062,2025-01-28,47,16.6,145.0,No,Orthopaedics,2,,B,21180.0
50063,2025-01-29,7,30.6,140.0,No,Neurology,6,,B,35560.0
50064,2025-01-29,71,28.8,131.0,Yes,Neurology,4,,B,42440.0
50065,2025-01-30,57,31.3,142.0,,Neurology,3,,B,42370.0
50066,2025-01-30,58,20.6,99.0,No,Neurology,4,,B,20210.0
50067,2025-01-31,5,14.6,155.0,No,Neurology,1,,B,50.0
50068,2025-01-31,61,22.2,124.0,Yes,Cardiology,7,,B,36190.0
50069,2025-02-01,3,,999,,Paediatrics,9,,B,39800.0
50070,2025-02-01,81,26.4,119.0,No,General,3,,B,23430.0
50071,2025-02-02,35,22.7,115.0,No,Cardiology,5,,B,30820.0
50072,2025-02-02,11,24.7,126.0,No,General,1,,B,9570.0
50073,2025-02-03,3,25.7,130.0,No,Neurology,4,,B,9040.0
50074,2025-02-03,4,18.1,90.0,No,Orthopaedics,4,,B,20940.0
50075,2025-02-03,87,33.2,144.0,No,Neurology,4,,B,39780.0
50076,2025-02-04,48,,151.0,No,Orthopaedics,3,,B,21850.0
50077,2025-02-04,3,26.2,110.0,No,Orthopaedics,4,,B,20270.0
50078,2025-02-05,40,29.9,147.0,No,Neurology,2,,B,18960.0
50079,2025-02-05,14,21.5,144.0,No,Orthopaedics,7,,B,30590.0
50080,2025-02-06,81,,140.0,Yes,Neurology,3,,B,42010.0
50081,2025-02-06,25,32.4,149.0,Yes,Neurology,3,,B,25430.0
50082,2025-02-07,28,23.8,104.0,,Neurology,10,,B,37810.0
50083,2025-02-07,86,29.7,136.0,No,Orthopaedics,4,,B,30660.0
50084,2025-02-08,61,26.4,110.0,No,Paediatrics,5,,B,38330.0
50085,2025-02-08,43,26.1,160.0,No,Paediatrics,7,,B,34680.0
50086,2025-02-08,62,28.3,111.0,No,General,5,,B,45320.0
50087,2025-02-09,40,,107.0,,Orthopaedics,6,,B,21660.0
50088,2025-02-09,22,24.1,142.0,No,Orthopaedics,1,,B,3670.0
50089,2025-02-10,14,29.4,134.0,No,Paediatrics,1,,B,7360.0
50090,2025-02-10,1,,125.0,No,Neurology,4,,B,18770.0
50091,2025-02-11,28,27.3,127.0,No,Paediatrics,4,,B,30920.0
50092,2025-02-11,38,19.7,134.0,Yes,Cardiology,4,,B,30720.0
50093,2025-02-12,81,25.1,151.0,No,Paediatrics,5,,B,28540.0
50094,2025-02-12,18,30.5,114.0,Yes,Cardiology,3,,B,33680.0
50095,2025-02-13,38,29.1,117.0,No,Neurology,3,,B,31440.0
50096,2025-02-13,17,26.6,116.0,No,Cardiology,4,,B,4970.0
50097,2025-02-14,14,22.7,124.0,,Orthopaedics,1,,B,10000.0
50098,2025-02-14,41,22.3,125.0,No,Cardiology,3,,B,21160.0
50099,2025-02-14,27,,106.0,,Neurology,1,,B,5450.0
50100,2025-02-15,16,31.4,130.0,No,General,4,,B,21140.0
50101,2025-02-15,55,25.3,106.0,No,Orthopaedics,1,,B,15880.0
50102,2025-02-16,50,30.9,120.0,No,Orthopaedics,4,,B,29890.0
50103,2025-02-16,2,23.7,121.0,Yes,Paediatrics,1,,B,11860.0
50104,2025-02-17,55,,121.0,No,Paediatrics,3,,B,19280.0
50105,2025-02-17,2,20.6,147.0,No,General,3,,B,14070.0
50106,2025-02-18,42,25.9,150.0,Yes,Paediatrics,1,,B,17280.0
50107,2025-02-18,21,20.3,141.0,No,Paediatrics,1,,B,8300.0
50108,2025-02-19,51,28.0,149.0,,Paediatrics,4,,B,33050.0
50109,2025-02-19,71,27.6,999,No,Cardiology,8,,B,48050.0
50110,2025-02-19,18,,146.0,No,Neurology,6,,B,31730.0
50111,2025-02-20,30,21.7,999,Yes,General,4,,B,31810.0
50112,2025-02-20,52,23.1,128.0,No,Cardiology,3,,B,25310.0
50113,2025-02-21,7,18.4,129.0,No,General,1,,B,-3090.0
50114,2025-02-21,76,20.9,105.0,No,Cardiology,9,,B,52460.0
50115,2025-02-22,15,21.2,116.0,No,Neurology,3,,B,16440.0
50116,2025-02-22,76,28.6,123.0,No,Paediatrics,7,,B,40790.0
50117,2025-02-23,33,,130.0,No,Neurology,2,,B,17980.0
50118,2025-02-23,10,23.1,123.0,No,Neurology,3,,B,-3040.0
50119,2025-02-24,72,23.8,999,,Orthopaedics,4,,B,29430.0
50120,2025-02-24,29,26.0,108.0,No,Cardiology,2,,B,11540.0
50121,2025-02-25,17,22.7,125.0,,Orthopaedics,5,,B,18420.0
50122,2025-02-25,64,,107.0,,General,2,,B,22550.0
50123,2025-02-25,58,,107.0,No,Cardiology,11,,B,53620.0
50124,2025-02-26,53,26.1,123.0,,Orthopaedics,3,,B,24070.0
50125,2025-02-26,15,24.7,128.0,Yes,Paediatrics,3,,B,22240.0
50126,2025-02-27,35,,113.0,,General,5,,B,29190.0
50127,2025-02-27,16,31.7,98.0,No,Paediatrics,2,,B,16740.0
50128,2025-02-28,75,22.3,129.0,No,General,3,,B,23750.0
50129,2025-02-28,51,25.6,137.0,No,Orthopaedics,1,,B,16600.0
50130,2025-03-01,80,20.4,119.0,No,General,4,,B,35380.0
50131,2025-03-01,8,22.4,119.0,No,Paediatrics,2,,B,-4210.0
50132,2025-03-02,51,,90.0,Yes,Neurology,5,,B,38710.0
50133,2025-03-02,8,23.3,139.0,No,Orthopaedics,2,,B,5840.0
50134,2025-03-02,23,27.5,109.0,No,Neurology,2,,B,7460.0
50135,2025-03-03,73,25.4,136.0,No,Neurology,4,,B,37270.0
50136,2025-03-03,86,18.9,116.0,Yes,Paediatrics,3,,B,42220.0
50137,2025-03-04,73,14.7,123.0,No,Paediatrics,5,,B,26890.0
50138,2025-03-04,43,29.5,122.0,No,General,1,,B,8600.0
50139,2025-03-05,64,22.4,98.0,No,Neurology,3,,B,28410.0
50140,2025-03-05,31,31.7,166.0,No,Orthopaedics,3,,B,19140.0
50141,2025-03-06,64,,999,No,General,3,,B,21610.0
50142,2025-03-06,12,21.6,127.0,No,Paediatrics,2,,B,-1720.0
50143,2025-03-07,12,27.6,113.0,Yes,Paediatrics,3,,B,24390.0
50144,2025-03-07,84,,121.0,No,Cardiology,7,,B,49910.0
50145,2025-03-08,84,25.1,146.0,No,Paediatrics,4,,B,28400.0
50146,2025-03-08,62,20.9,97.0,No,Neurology,2,,B,18420.0
50147,2025-03-08,3,27.9,123.0,No,Paediatrics,5,,B,33300.0
50148,2025-03-09,7,30.0,132.0,Yes,Cardiology,5,,B,39500.0
50149,2025-03-09,17,22.7,127.0,No,Paediatrics,5,,B,31580.0
50150,2025-03-10,17,,131.0,No,Orthopaedics,3,,B,25290.0
50151,2025-03-10,85,22.5,114.0,Yes,Neurology,3,,B,43470.0
50152,2025-03-11,83,26.2,100.0,Yes,Paediatrics,5,,B,34870.0
50153,2025-03-11,89,17.7,105.0,,Cardiology,5,,B,31050.0
50154,2025-03-12,7,16.4,119.0,No,Orthopaedics,1,,B,-4720.0
50155,2025-03-12,77,34.5,136.0,No,Paediatrics,2,,B,42760.0
50156,2025-03-13,61,31.5,126.0,No,Cardiology,5,,B,37230.0
50157,2025-03-13,46,30.2,149.0,Yes,General,1,,B,24650.0
50158,2025-03-13,51,17.4,127.0,No,Cardiology,2,,B,12610.0
50159,2025-03-14,9,26.1,128.0,No,Cardiology,5,,B,16370.0
50160,2025-03-14,45,26.9,128.0,No,Paediatrics,2,,B,740.0
50161,2025-03-15,28,25.4,99.0,Yes,Neurology,6,,B,51780.0
50162,2025-03-15,62,,134.0,No,General,2,,B,19740.0
50163,2025-03-16,80,20.9,108.0,No,Orthopaedics,7,,B,42730.0
50164,2025-03-16,30,24.3,119.0,No,Orthopaedics,1,,B,910.0
50165,2025-03-17,62,19.9,160.0,Yes,Neurology,4,,B,35750.0
50166,2025-03-17,56,23.5,106.0,No,Paediatrics,2,,B,20300.0
50167,2025-03-18,31,26.7,127.0,No,General,8,,B,38400.0
50168,2025-03-18,79,21.5,129.0,Yes,Paediatrics,3,,B,38880.0
50169,2025-03-19,15,23.8,127.0,No,Neurology,5,,B,17610.0
50170,2025-03-19,51,23.1,125.0,Yes,Orthopaedics,3,,B,32080.0
50171,2025-03-19,70,25.1,117.0,No,Orthopaedics,3,,B,30000.0
50172,2025-03-20,47,,155.0,No,Cardiology,4,,B,31140.0
50173,2025-03-20,55,26.1,95.0,No,Neurology,1,,B,17030.0
50174,2025-03-21,55,,110.0,Yes,Paediatrics,3,,B,31670.0
50175,2025-03-21,18,18.6,147.0,No,Paediatrics,2,,B,5260.0
50176,2025-03-22,17,23.4,133.0,No,Orthopaedics,1,,B,10330.0
50177,2025-03-22,74,28.7,114.0,No,Cardiology,10,,B,53880.0
50178,2025-03-23,30,21.2,112.0,Yes,General,1,,B,12680.0
50179,2025-03-23,66,23.1,121.0,No,General,3,,B,28430.0
50180,2025-03-24,64,20.7,165.0,Yes,Cardiology,5,,B,30820.0
50181,2025-03-24,82,31.0,132.0,No,Orthopaedics,11,,B,60160.0
50182,2025-03-24,51,23.0,110.0,No,General,1,,B,17790.0
50183,2025-03-25,44,21.8,129.0,No,Neurology,1,,B,17560.0
50184,2025-03-25,11,27.8,116.0,No,Paediatrics,6,,B,25930.0
50185,2025-03-26,56,,147.0,No,General,2,,B,22410.0
50186,2025-03-26,78,27.3,129.0,No,Paediatrics,3,,B,31090.0
50187,2025-03-27,78,29.5,144.0,No,Cardiology,7,,B,45180.0
50188,2025-03-27,37,26.0,127.0,Yes,Cardiology,3,,B,23780.0
50189,2025-03-28,74,,156.0,No,Cardiology,5,,B,35880.0
50190,2025-03-28,22,23.1,131.0,No,Neurology,2,,B,12900.0
50191,2025-03-29,52,22.8,129.0,No,Cardiology,3,,B,21940.0
50192,2025-03-29,14,22.4,110.0,No,Cardiology,4,,B,25160.0
50193,2025-03-30,88,26.7,119.0,Yes,Orthopaedics,2,,B,35990.0
50194,2025-03-30,83,24.5,131.0,No,General,5,,B,32140.0
50195,2025-03-30,26,25.4,118.0,No,Orthopaedics,2,,B,13930.0
50196,2025-03-31,66,27.8,162.0,No,Neurology,2,,B,33720.0
50197,2025-03-31,60,24.8,125.0,No,Paediatrics,1,,B,10450.0
50198,2025-04-01,28,,114.0,Yes,Orthopaedics,6,,B,36410.0
50199,2025-04-01,52,21.5,140.0,No,Cardiology,7,,B,32510.0
50200,2025-04-02,18,20.0,117.0,No,General,4,,B,21310.0
50201,2025-04-02,84,16.5,131.0,,Neurology,4,,B,23500.0
50202,2025-04-03,76,25.5,124.0,Yes,Cardiology,7,,B,53710.0
50203,2025-04-03,2,19.6,114.0,No,Cardiology,3,,B,16870.0
50204,2025-04-04,14,19.3,146.0,No,Orthopaedics,4,,B,13830.0
50205,2025-04-04,5,20.2,126.0,No,Neurology,1,,B,-240.0
50206,2025-04-04,47,29.0,141.0,No,Neurology,2,,B,10680.0
50207,2025-04-05,36,23.6,120.0,No,Cardiology,12,,B,54690.0
50208,2025-04-05,60,29.5,104.0,Yes,Orthopaedics,7,,B,44630.0
50209,2025-04-06,57,24.6,106.0,No,Neurology,1,,B,10460.0
50210,2025-04-06,84,23.1,117.0,,Orthopaedics,2,,B,20550.0
50211,2025-04-07,57,,122.0,No,Orthopaedics,3,,B,20160.0
50212,2025-04-07,62,,126.0,Yes,Orthopaedics,3,,B,39280.0
50213,2025-04-08,59,25.5,133.0,No,Orthopaedics,5,,B,40550.0
50214,2025-04-08,10,20.4,106.0,No,Neurology,6,,B,12980.0
50215,2025-04-09,5,23.0,128.0,No,Paediatrics,8,,B,27980.0
50216,2025-04-09,47,19.7,107.0,No,General,8,,B,41910.0
50217,2025-04-10,6,23.9,115.0,No,Neurology,1,,B,-1280.0
50218,2025-04-10,82,,163.0,No,Neurology,5,,B,31820.0
50219,2025-04-10,17,31.7,144.0,No,Neurology,2,,B,17630.0
50220,2025-04-11,25,31.4,120.0,No,Orthopaedics,1,,B,21930.0
50221,2025-04-11,51,,152.0,No,Paediatrics,5,,B,38660.0
50222,2025-04-12,8,,146.0,No,Neurology,3,,B,15080.0
50223,2025-04-12,59,26.1,138.0,Yes,Cardiology,7,,B,49240.0
50224,2025-04-13,6,,147.0,No,Cardiology,5,,B,28860.0
50225,2025-04-13,52,31.9,121.0,Yes,Paediatrics,3,,B,34790.0
50226,2025-04-14,75,36.9,123.0,No,Cardiology,4,,B,31930.0
50227,2025-04-14,71,26.7,112.0,Yes,Orthopaedics,10,,B,52480.0
50228,2025-04-15,84,26.9,134.0,No,Orthopaedics,6,,B,38390.0
50229,2025-04-15,69,29.7,106.0,No,Neurology,4,,B,38000.0
50230,2025-04-15,42,,117.0,No,Neurology,3,,B,24820.0
50231,2025-04-16,30,26.4,132.0,Yes,Paediatrics,1,,B,8290.0
50232,2025-04-16,28,20.6,117.0,Yes,Cardiology,7,,B,40850.0
50233,2025-04-17,34,29.2,999,No,Neurology,5,,B,25670.0
50234,2025-04-17,36,25.6,152.0,No,General,1,,B,12650.0
50235,2025-04-18,36,28.7,110.0,No,Neurology,1,,B,6820.0
50236,2025-04-18,16,24.0,146.0,No,Paediatrics,2,,B,16320.0
50237,2025-04-19,7,17.0,115.0,No,Orthopaedics,1,,B,3990.0
50238,2025-04-19,39,27.3,111.0,No,Orthopaedics,1,,B,16280.0
50239,2025-04-20,58,30.2,128.0,No,Orthopaedics,3,,B,31820.0
50240,2025-04-20,42,19.3,140.0,No,Cardiology,4,,B,11880.0
50241,2025-04-21,45,,114.0,No,General,1,,B,10760.0
50242,2025-04-21,48,23.7,114.0,No,Orthopaedics,2,,B,25680.0
50243,2025-04-21,11,23.9,118.0,No,Cardiology,3,,B,14070.0
50244,2025-04-22,10,17.4,114.0,No,General,2,,B,16020.0
50245,2025-04-22,70,32.9,128.0,,General,6,,B,45420.0
50246,2025-04-23,87,29.6,114.0,No,Paediatrics,6,,B,40320.0
50247,2025-04-23,58,22.2,121.0,No,Neurology,3,,B,24100.0
50248,2025-04-24,56,16.9,130.0,Yes,Cardiology,4,,B,41360.0
50249,2025-04-24,74,26.6,119.0,No,Paediatrics,4,,B,38300.0
50250,2025-04-25,51,33.9,142.0,No,General,3,,B,36960.0
50251,2025-04-25,62,,115.0,No,Orthopaedics,3,,B,19450.0
50252,2025-04-26,74,30.2,113.0,No,Cardiology,7,,B,50420.0
50253,2025-04-26,85,,156.0,No,Paediatrics,3,,B,19020.0
50254,2025-04-26,5,,148.0,No,Paediatrics,2,,B,8890.0
50255,2025-04-27,87,18.3,126.0,No,General,3,,B,26380.0
50256,2025-04-27,53,33.9,137.0,No,General,5,,B,40400.0
50257,2025-04-28,88,27.6,130.0,No,Neurology,4,,B,35780.0
50258,2025-04-28,33,15.5,117.0,No,Neurology,4,,B,29400.0
50259,2025-04-29,32,,135.0,No,Cardiology,3,,B,14060.0
50260,2025-04-29,58,27.2,130.0,No,Orthopaedics,3,,B,29230.0
50261,2025-04-30,46,25.6,144.0,No,General,3,,B,23080.0
50262,2025-04-30,84,23.6,97.0,No,General,2,,B,23110.0
50263,2025-05-01,13,27.8,137.0,Yes,Cardiology,4,,B,22360.0
50264,2025-05-01,7,34.0,128.0,Yes,Paediatrics,4,,B,36850.0
50265,2025-05-02,8,26.6,115.0,Yes,Cardiology,8,,B,45590.0
50266,2025-05-02,16,16.9,119.0,No,Cardiology,4,,B,23580.0
50267,2025-05-02,18,24.3,119.0,No,Paediatrics,2,,B,10990.0
50268,2025-05-03,32,19.1,105.0,No,Orthopaedics,1,,B,8200.0
50269,2025-05-03,74,21.4,116.0,,Orthopaedics,2,,B,23630.0
50270,2025-05-04,48,26.5,137.0,No,Orthopaedics,1,,B,16590.0
50271,2025-05-04,46,24.2,102.0,,Cardiology,5,,B,32380.0
50272,2025-05-05,74,20.2,119.0,No,Paediatrics,3,,B,36650.0
50273,2025-05-05,6,24.9,90.0,No,General,2,,B,5360.0
50274,2025-05-06,66,,116.0,No,Paediatrics,5,,B,43870.0
50275,2025-05-06,79,27.4,999,No,Paediatrics,6,,B,22380.0
50276,2025-05-07,49,23.9,124.0,No,Neurology,6,,B,38550.0
50277,2025-05-07,19,26.7,126.0,No,Neurology,5,,B,19860.0
50278,2025-05-07,18,23.8,108.0,No,Orthopaedics,3,,B,27230.0
50279,2025-05-08,48,28.3,999,Yes,Orthopaedics,1,,B,18940.0
50280,2025-05-08,45,24.4,111.0,Yes,Orthopaedics,2,,B,31440.0
50281,2025-05-09,73,24.9,139.0,No,Paediatrics,3,,B,19190.0
50282,2025-05-09,40,22.4,128.0,Yes,Neurology,1,,B,13400.0
50283,2025-05-10,13,25.6,119.0,No,Orthopaedics,3,,B,19610.0
50284,2025-05-10,11,,147.0,Yes,General,3,,B,28160.0
50285,2025-05-11,28,37.0,119.0,No,Paediatrics,6,,B,34430.0
50286,2025-05-11,82,,140.0,No,Orthopaedics,4,,B,45140.0
50287,2025-05-12,17,25.4,127.0,No,Neurology,2,,B,9440.0
50288,2025-05-12,75,,125.0,No,Paediatrics,4,,B,38840.0
50289,2025-05-13,48,,140.0,No,Paediatrics,1,,B,6550.0
50290,2025-05-13,55,26.8,132.0,No,Orthopaedics,8,,B,37560.0
50291,2025-05-13,66,22.7,125.0,No,Neurology,6,,B,36400.0
50292,2025-05-14,22,,999,No,Neurology,4,,B,13880.0
50293,2025-05-14,29,,128.0,No,General,3,,B,19930.0
50294,2025-05-15,52,,126.0,No,Cardiology,9,,B,32490.0
50295,2025-05-15,65,19.7,120.0,No,Orthopaedics,3,,B,24750.0
50296,2025-05-16,29,33.1,109.0,Yes,Paediatrics,10,,B,57320.0
50297,2025-05-16,21,18.9,86.0,Yes,General,3,,B,19010.0
50298,2025-05-17,58,20.1,123.0,No,Orthopaedics,4,,B,27690.0
50299,2025-05-17,13,25.8,121.0,No,Cardiology,4,,B,17630.0
50300,2025-05-18,4,,143.0,Yes,Paediatrics,8,,B,44130.0
50301,2025-05-18,39,17.3,132.0,No,Cardiology,6,,B,35850.0
50302,2025-05-18,54,18.0,142.0,No,Neurology,2,,B,19470.0
50303,2025-05-19,30,25.5,151.0,No,Cardiology,4,,B,24060.0
50304,2025-05-19,50,,123.0,Yes,Paediatrics,2,,B,35140.0
50305,2025-05-20,25,18.6,112.0,No,General,3,,B,16050.0
50306,2025-05-20,83,16.8,137.0,No,Neurology,3,,B,31940.0
50307,2025-05-21,50,,116.0,No,Cardiology,5,,B,26490.0
50308,2025-05-21,51,,121.0,Yes,Cardiology,4,,B,40440.0
50309,2025-05-22,79,24.7,147.0,Yes,Cardiology,8,,B,58360.0
50310,2025-05-22,70,28.3,133.0,No,Orthopaedics,5,,B,31950.0
50311,2025-05-23,58,24.4,141.0,No,Orthopaedics,3,,B,13360.0
50312,2025-05-23,20,24.8,105.0,No,Paediatrics,5,,B,15930.0
50313,2025-05-24,82,27.7,126.0,No,General,4,,B,27270.0
50314,2025-05-24,50,24.4,142.0,Yes,Cardiology,4,,B,37310.0
50315,2025-05-24,43,26.0,106.0,Yes,Orthopaedics,3,,B,28720.0
50316,2025-05-25,29,20.8,128.0,No,General,2,,B,11420.0
50317,2025-05-25,31,22.2,131.0,Yes,Neurology,5,,B,37420.0
50318,2025-05-26,88,27.0,90.0,No,General,3,,B,33780.0
50319,2025-05-26,35,23.8,149.0,No,General,1,,B,18620.0
50320,2025-05-27,86,21.6,114.0,Yes,General,4,,B,36910.0
50321,2025-05-27,89,,123.0,No,Neurology,6,,B,45610.0
50322,2025-05-28,22,27.4,150.0,No,Orthopaedics,2,,B,18090.0
50323,2025-05-28,52,24.9,98.0,,Cardiology,6,,B,27660.0
50324,2025-05-29,56,21.5,132.0,No,Orthopaedics,8,,B,42810.0
50325,2025-05-29,77,28.9,118.0,No,Paediatrics,3,,B,23490.0
50326,2025-05-29,7,36.1,126.0,No,Orthopaedics,2,,B,16780.0
50327,2025-05-30,19,21.2,113.0,No,Orthopaedics,8,,B,37920.0
50328,2025-05-30,49,18.0,146.0,No,Orthopaedics,1,,B,2650.0
50329,2025-05-31,79,21.4,108.0,No,Neurology,2,,B,16990.0
50330,2025-05-31,88,20.7,130.0,No,Cardiology,6,,B,35010.0
50331,2025-06-01,60,19.2,133.0,No,Neurology,6,,B,35340.0
50332,2025-06-01,13,,124.0,No,Neurology,2,,B,5930.0
50333,2025-06-02,21,28.7,121.0,No,General,2,,B,16950.0
50334,2025-06-02,65,,121.0,No,Paediatrics,3,,B,21610.0
50335,2025-06-03,65,31.6,140.0,No,Neurology,4,,B,29880.0
50336,2025-06-03,46,28.3,132.0,No,Orthopaedics,1,,B,18520.0
50337,2025-06-04,47,22.7,124.0,Yes,General,2,,B,27340.0
50338,2025-06-04,89,29.8,109.0,No,Cardiology,5,,B,40750.0
50339,2025-06-04,30,22.1,999,No,Paediatrics,2,,B,13160.0
50340,2025-06-05,37,23.3,133.0,No,Orthopaedics,2,,B,20630.0
50341,2025-06-05,68,19.6,125.0,No,Paediatrics,2,,B,28430.0
50342,2025-06-06,74,30.4,147.0,No,Cardiology,7,,B,43410.0
50343,2025-06-06,74,29.4,96.0,Yes,Paediatrics,2,,B,29500.0
50344,2025-06-07,54,22.8,162.0,Yes,General,1,,B,16500.0
50345,2025-06-07,48,23.5,122.0,No,Paediatrics,2,,B,26970.0
50346,2025-06-08,72,25.0,108.0,No,Orthopaedics,6,,B,31600.0
50347,2025-06-08,18,25.8,99.0,No,General,2,,B,3970.0
50348,2025-06-09,76,28.7,138.0,No,General,5,,B,38220.0
50349,2025-06-09,71,25.2,999,No,General,7,,B,47200.0
50350,2025-06-09,58,26.7,122.0,No,Neurology,2,,B,12420.0
50351,2025-06-10,85,18.1,124.0,No,Cardiology,7,,B,42550.0
50352,2025-06-10,32,,128.0,No,Paediatrics,7,,B,25190.0
50353,2025-06-11,51,16.8,119.0,No,Cardiology,5,,B,25020.0
50354,2025-06-11,54,32.9,142.0,No,Neurology,3,,B,37740.0
50355,2025-06-12,29,31.2,134.0,Yes,Orthopaedics,2,,B,28170.0
50356,2025-06-12,71,28.1,123.0,No,Paediatrics,6,,B,37690.0
50357,2025-06-13,75,29.9,100.0,No,Neurology,5,,B,37830.0
50358,2025-06-13,74,33.9,146.0,,Paediatrics,3,,B,34110.0
50359,2025-06-14,79,29.1,118.0,No,Orthopaedics,3,,B,28870.0
50360,2025-06-14,57,17.7,110.0,Yes,General,5,,B,32160.0
50361,2025-06-15,55,,144.0,Yes,Neurology,3,,B,23840.0
50362,2025-06-15,41,14.3,133.0,No,Cardiology,7,,B,47350.0
50363,2025-06-15,46,21.2,95.0,,Orthopaedics,3,,B,15710.0
50364,2025-06-16,8,19.3,100.0,No,Cardiology,3,,B,20570.0
50365,2025-06-16,62,24.8,119.0,No,Orthopaedics,3,,B,18870.0
50366,2025-06-17,11,26.6,106.0,No,General,3,,B,23010.0
50367,2025-06-17,39,20.7,123.0,No,Neurology,1,,B,15160.0
50368,2025-06-18,58,23.6,164.0,No,Neurology,2,,B,17170.0
50369,2025-06-18,47,26.1,170.0,No,Cardiology,3,,B,33320.0
50370,2025-06-19,36,24.2,124.0,No,Paediatrics,3,,B,12900.0
50371,2025-06-19,83,24.1,137.0,Yes,Orthopaedics,2,,B,30530.0
50372,2025-06-20,61,,138.0,No,Cardiology,3,,B,17850.0
50373,2025-06-20,41,22.9,123.0,No,General,4,,B,18740.0
50374,2025-06-20,47,,103.0,Yes,General,3,,B,30010.0
50375,2025-06-21,33,,141.0,No,Paediatrics,3,,B,13020.0
50376,2025-06-21,36,18.2,122.0,No,Cardiology,3,,B,16530.0
50377,2025-06-22,28,,132.0,No,Cardiology,5,,B,34450.0
50378,2025-06-22,19,26.0,136.0,No,General,5,,B,13840.0
50379,2025-06-23,24,20.5,113.0,No,Neurology,4,,B,12820.0
50380,2025-06-23,76,,150.0,No,Paediatrics,7,,B,38310.0
50381,2025-06-24,87,,126.0,,Orthopaedics,2,,B,20870.0
50382,2025-06-24,25,,129.0,Yes,Orthopaedics,6,,B,43520.0
50383,2025-06-25,81,24.4,119.0,,Paediatrics,3,,B,30870.0
50384,2025-06-25,57,34.9,136.0,No,Neurology,3,,B,33020.0
50385,2025-06-26,79,,140.0,No,Cardiology,4,,B,31430.0
50386,2025-06-26,10,22.3,117.0,No,Neurology,5,,B,36070.0
50387,2025-06-26,2,28.1,134.0,No,Orthopaedics,2,,B,4110.0
50388,2025-06-27,86,22.7,119.0,,Neurology,8,,B,49600.0
50389,2025-06-27,62,,107.0,No,Cardiology,3,,B,23560.0
50390,2025-06-28,14,14.7,120.0,No,Cardiology,6,,B,27740.0
50391,2025-06-28,34,26.2,134.0,No,Orthopaedics,2,,B,13660.0
50392,2025-06-29,45,24.7,133.0,No,General,2,,B,11080.0
50393,2025-06-29,7,19.0,141.0,No,General,3,,B,5450.0
50394,2025-06-30,73,,115.0,No,Cardiology,5,,B,36200.0
50395,2025-06-30,1,23.8,121.0,No,Orthopaedics,2,,B,3950.0
50396,2025-07-01,21,24.0,126.0,No,General,5,,B,20900.0
50397,2025-07-01,33,18.9,134.0,Yes,Neurology,2,,B,16480.0
50398,2025-07-01,58,,123.0,No,Cardiology,5,,B,38420.0
50399,2025-07-02,15,,111.0,Yes,Cardiology,3,,B,26380.0
50400,2025-07-02,37,18.0,102.0,,Paediatrics,3,,B,29700.0
50401,2025-07-03,53,27.0,143.0,Yes,Orthopaedics,1,,B,21060.0
50402,2025-07-03,86,28.7,141.0,No,Orthopaedics,2,,B,26780.0
50403,2025-07-04,35,22.0,115.0,No,Orthopaedics,6,,B,28810.0
50404,2025-07-04,12,17.6,147.0,No,Orthopaedics,2,,B,10280.0
50405,2025-07-05,9,23.1,124.0,No,Orthopaedics,2,,B,8090.0
50406,2025-07-05,18,20.1,132.0,No,Paediatrics,2,,B,10250.0
50407,2025-07-06,34,25.6,144.0,No,Cardiology,2,,B,2840.0
50408,2025-07-06,49,,118.0,,General,1,,B,11670.0
50409,2025-07-07,49,,114.0,Yes,Cardiology,8,,B,53940.0
50410,2025-07-07,61,25.2,99.0,Yes,General,1,,B,12520.0
50411,2025-07-07,68,,130.0,No,Neurology,3,,B,25760.0
50412,2025-07-08,52,32.5,132.0,No,Paediatrics,3,,B,30770.0
50413,2025-07-08,8,,138.0,No,Cardiology,3,,B,20980.0
50414,2025-07-09,17,28.1,134.0,,General,7,,B,33030.0
50415,2025-07-09,78,23.8,127.0,No,Neurology,4,,B,32750.0
50416,2025-07-10,44,20.1,142.0,No,Orthopaedics,2,,B,26360.0
50417,2025-07-10,49,30.6,110.0,No,Cardiology,4,,B,37020.0
50418,2025-07-11,6,26.6,131.0,Yes,Neurology,1,,B,12660.0
50419,2025-07-11,87,25.5,133.0,Yes,Cardiology,7,,B,49450.0
50420,2025-07-12,60,,123.0,Yes,Orthopaedics,4,,B,42990.0
50421,2025-07-12,31,24.1,151.0,No,Paediatrics,5,,B,26900.0
50422,2025-07-12,30,20.1,132.0,No,Cardiology,3,,B,14160.0
50423,2025-07-13,8,32.8,146.0,Yes,General,4,,B,31300.0
50424,2025-07-13,86,28.9,139.0,No,Neurology,3,,B,32480.0
50425,2025-07-14,84,,123.0,,Paediatrics,5,,B,34720.0
50426,2025-07-14,36,,154.0,No,General,6,,B,32320.0
50427,2025-07-15,81,,999,No,General,3,,B,29650.0
50428,2025-07-15,5,,126.0,No,Paediatrics,2,,B,10.0
50429,2025-07-16,56,27.5,123.0,No,Orthopaedics,2,,B,30420.0
50430,2025-07-16,2,23.4,110.0,No,General,5,,B,27630.0
50431,2025-07-17,83,27.7,123.0,,General,6,,B,50110.0
50432,2025-07-17,30,23.7,122.0,No,Paediatrics,1,,B,8590.0
50433,2025-07-18,78,,128.0,No,General,6,,B,47420.0
50434,2025-07-18,24,23.2,119.0,Yes,Cardiology,8,,B,48740.0
50435,2025-07-18,2,27.1,134.0,No,Orthopaedics,5,,B,26920.0
50436,2025-07-19,85,26.9,124.0,No,Cardiology,7,,B,33920.0
50437,2025-07-19,42,,101.0,Yes,Orthopaedics,2,,B,26660.0
50438,2025-07-20,70,29.0,118.0,No,Orthopaedics,4,,B,25850.0
50439,2025-07-20,49,24.4,112.0,No,Neurology,3,,B,20390.0
50440,2025-07-21,33,23.0,106.0,No,Paediatrics,5,,B,21990.0
50441,2025-07-21,13,24.8,121.0,No,Neurology,6,,B,36490.0
50442,2025-07-22,24,21.4,139.0,No,General,3,,B,19520.0
50443,2025-07-22,23,30.2,999,No,Paediatrics,1,,B,12130.0
50444,2025-07-23,7,27.6,95.0,Yes,Neurology,5,,B,40640.0
50445,2025-07-23,6,29.2,123.0,No,Orthopaedics,1,,B,8010.0
50446,2025-07-23,11,18.7,170.0,No,Orthopaedics,14,,B,53660.0
50447,2025-07-24,22,,116.0,No,General,4,,B,19650.0
50448,2025-07-24,67,21.4,129.0,No,Orthopaedics,4,,B,25880.0
50449,2025-07-25,60,25.2,119.0,No,Orthopaedics,3,,B,23240.0
50450,2025-07-25,6,30.5,138.0,No,Orthopaedics,1,,B,14480.0
50451,2025-07-26,88,26.0,147.0,No,Orthopaedics,3,,B,27930.0
50452,2025-07-26,70,,123.0,No,Orthopaedics,5,,B,32210.0
50453,2025-07-27,86,29.9,143.0,No,Neurology,4,,B,41430.0
50454,2025-07-27,36,29.4,109.0,No,Cardiology,3,,B,23710.0
50455,2025-07-28,68,33.1,128.0,Yes,Paediatrics,2,,B,41370.0
50456,2025-07-28,61,16.4,106.0,No,Neurology,4,,B,27780.0
50457,2025-07-29,81,,128.0,No,Neurology,7,,B,35860.0
50458,2025-07-29,55,22.9,116.0,No,Orthopaedics,1,,B,7220.0
50459,2025-07-29,39,20.9,129.0,,Orthopaedics,4,,B,13140.0
50460,2025-07-30,10,25.3,108.0,No,Paediatrics,4,,B,24810.0
50461,2025-07-30,51,19.6,129.0,No,Orthopaedics,1,,B,15650.0
50462,2025-07-31,68,,127.0,,General,5,,B,29410.0
50463,2025-07-31,82,20.8,117.0,No,Cardiology,4,,B,24860.0
50464,2025-08-01,79,,113.0,No,Cardiology,11,,B,60370.0
50465,2025-08-01,1,,107.0,No,Cardiology,6,,B,29950.0
50466,2025-08-02,10,21.6,119.0,,Orthopaedics,2,,B,20700.0
50467,2025-08-02,24,19.6,131.0,No,Cardiology,6,,B,23300.0
50468,2025-08-03,87,,123.0,No,Cardiology,5,,B,29060.0
50469,2025-08-03,19,23.2,128.0,No,General,2,,B,20760.0
50470,2025-08-03,72,23.7,144.0,No,Neurology,2,,B,15290.0
50471,2025-08-04,87,25.5,120.0,No,General,5,,B,35920.0
50472,2025-08-04,54,18.3,130.0,No,Orthopaedics,6,,B,41670.0
50473,2025-08-05,59,21.4,138.0,No,Cardiology,4,,B,15710.0
50474,2025-08-05,62,,133.0,No,General,1,,B,19320.0
50475,2025-08-06,38,25.6,131.0,No,Neurology,5,,B,27730.0
50476,2025-08-06,5,17.8,127.0,No,General,2,,B,8040.0
50477,2025-08-07,40,12.5,154.0,No,General,4,,B,24800.0
50478,2025-08-07,21,30.0,124.0,No,Orthopaedics,3,,B,12720.0
50479,2025-08-08,86,27.1,999,No,General,4,,B,19940.0
50480,2025-08-08,81,26.4,134.0,No,Paediatrics,5,,B,46930.0
50481,2025-08-09,64,26.4,150.0,No,Cardiology,8,,B,42940.0
50482,2025-08-09,77,20.2,147.0,No,General,11,,B,63150.0
50483,2025-08-09,73,29.6,126.0,No,General,6,,B,47400.0
50484,2025-08-10,20,20.1,138.0,No,Orthopaedics,5,,B,25310.0
50485,2025-08-10,43,33.4,133.0,Yes,Orthopaedics,5,,B,46170.0
50486,2025-08-11,49,25.8,127.0,No,Cardiology,5,,B,33690.0
50487,2025-08-11,88,,135.0,No,Cardiology,6,,B,49210.0
50488,2025-08-12,31,28.7,135.0,No,Orthopaedics,1,,B,15460.0
50489,2025-08-12,24,33.7,128.0,No,Cardiology,5,,B,38780.0
50490,2025-08-13,17,23.7,151.0,Yes,Cardiology,3,,B,22330.0
50491,2025-08-13,20,29.6,120.0,No,Paediatrics,2,,B,12770.0
50492,2025-08-14,70,23.9,146.0,Yes,Neurology,6,,B,46110.0
50493,2025-08-14,48,22.0,157.0,No,Paediatrics,6,,B,35020.0
50494,2025-08-14,61,13.2,157.0,No,Neurology,5,,B,34170.0
50495,2025-08-15,82,,130.0,No,Cardiology,5,,B,50650.0
50496,2025-08-15,7,22.8,123.0,No,General,2,,B,14250.0
50497,2025-08-16,50,26.5,101.0,No,Paediatrics,4,,B,26590.0
50498,2025-08-16,60,19.7,125.0,No,Neurology,5,,B,42620.0
50499,2025-08-17,41,,162.0,No,Orthopaedics,6,,B,33340.0
50500,2025-08-17,2,29.9,102.0,Yes,Neurology,2,,B,23420.0
50501,2025-08-18,54,23.1,102.0,,Orthopaedics,1,,B,16650.0
50502,2025-08-18,9,23.0,138.0,No,General,7,,B,27660.0
50503,2025-08-19,21,19.1,135.0,No,Orthopaedics,4,,B,13310.0
50504,2025-08-19,37,25.8,98.0,No,Cardiology,4,,B,24100.0
50505,2025-08-20,37,28.3,125.0,No,Neurology,3,,B,19470.0
50506,2025-08-20,4,,131.0,,Neurology,4,,B,20600.0
50507,2025-08-20,80,,103.0,No,Cardiology,4,,B,31120.0
50508,2025-08-21,47,19.3,999,No,Cardiology,11,,B,51290.0
50509,2025-08-21,21,31.1,105.0,No,Paediatrics,1,,B,9160.0
50510,2025-08-22,61,22.0,142.0,Yes,General,5,,B,29440.0
50511,2025-08-22,84,24.1,128.0,,Neurology,7,,B,42130.0
50512,2025-08-23,24,32.4,115.0,No,Cardiology,3,,B,32690.0
50513,2025-08-23,50,23.8,101.0,No,Orthopaedics,3,,B,26280.0
50514,2025-08-24,63,,120.0,No,Neurology,4,,B,33770.0
50515,2025-08-24,87,20.7,124.0,Yes,General,4,,B,40550.0
50516,2025-08-25,7,23.2,123.0,No,Neurology,10,,B,47540.0
50517,2025-08-25,45,32.9,116.0,No,Orthopaedics,4,,B,26440.0
50518,2025-08-25,8,25.8,122.0,No,Orthopaedics,5,,B,19380.0
50519,2025-08-26,24,23.8,138.0,No,Orthopaedics,3,,B,19410.0
50520,2025-08-26,45,28.6,112.0,No,General,1,,B,6530.0
50521,2025-08-27,39,,122.0,No,Cardiology,6,,B,35930.0
50522,2025-08-27,3,21.4,132.0,No,Neurology,1,,B,6340.0
50523,2025-08-28,32,31.3,999,Yes,Paediatrics,10,,B,69830.0
50524,2025-08-28,68,28.7,138.0,,General,3,,B,32070.0
50525,2025-08-29,50,26.9,149.0,No,Neurology,12,,B,61030.0
50526,2025-08-29,80,,120.0,No,Orthopaedics,3,,B,22550.0
50527,2025-08-30,74,25.7,129.0,No,General,3,,B,22660.0
50528,2025-08-30,1,31.2,81.0,No,Cardiology,3,,B,1150.0
50529,2025-08-31,22,23.6,120.0,No,Paediatrics,3,,B,10400.0
50530,2025-08-31,72,35.3,135.0,No,Paediatrics,4,,B,44050.0
50531,2025-08-31,44,25.2,108.0,No,General,5,,B,31170.0
50532,2025-09-01,51,20.3,999,No,Cardiology,4,,B,26130.0
50533,2025-09-01,16,27.5,97.0,No,Cardiology,5,,B,39530.0
50534,2025-09-02,87,26.2,146.0,No,Cardiology,6,,B,43850.0
50535,2025-09-02,73,28.6,118.0,No,Neurology,7,,B,36700.0
50536,2025-09-03,72,,110.0,No,Neurology,4,,B,27780.0
50537,2025-09-03,44,30.8,118.0,No,Neurology,2,,B,20240.0
50538,2025-09-04,81,22.4,121.0,No,Cardiology,8,,B,56130.0
50539,2025-09-04,76,25.5,110.0,No,Neurology,4,,B,24770.0
50540,2025-09-05,77,19.2,105.0,No,Cardiology,7,,B,44390.0
50541,2025-09-05,76,21.3,117.0,No,General,4,,B,35500.0
50542,2025-09-05,76,25.8,140.0,No,Orthopaedics,3,,B,21540.0
50543,2025-09-06,67,21.9,999,No,Neurology,4,,B,28610.0
50544,2025-09-06,68,22.8,145.0,No,Cardiology,5,,B,20340.0
50545,2025-09-07,37,23.9,116.0,,General,7,,B,35280.0
50546,2025-09-07,81,26.0,120.0,No,Cardiology,8,,B,34340.0
50547,2025-09-08,75,28.4,120.0,No,General,4,,B,29960.0
50548,2025-09-08,8,28.4,127.0,No,Neurology,2,,B,22390.0
50549,2025-09-09,85,29.5,132.0,No,Orthopaedics,4,,B,37360.0
50550,2025-09-09,72,25.8,152.0,No,Cardiology,5,,B,33930.0
50551,2025-09-10,13,22.4,136.0,,Neurology,4,,B,19270.0
50552,2025-09-10,61,17.7,128.0,No,Paediatrics,2,,B,31800.0
50553,2025-09-11,50,23.3,146.0,,Cardiology,7,,B,40310.0
50554,2025-09-11,33,21.3,113.0,No,Cardiology,2,,B,20150.0
50555,2025-09-11,67,16.6,105.0,Yes,Neurology,5,,B,38500.0
50556,2025-09-12,39,32.4,135.0,No,Orthopaedics,4,,B,26400.0
50557,2025-09-12,36,16.5,128.0,No,Paediatrics,3,,B,12310.0
50558,2025-09-13,11,26.5,127.0,Yes,General,2,,B,19170.0
50559,2025-09-13,53,27.4,139.0,No,Cardiology,9,,B,43350.0
50560,2025-09-14,28,23.8,120.0,No,Cardiology,7,,B,38920.0
50561,2025-09-14,28,36.7,124.0,No,Neurology,3,,B,30240.0
50562,2025-09-15,64,25.0,131.0,No,General,1,,B,14850.0
50563,2025-09-15,84,21.4,135.0,Yes,Paediatrics,4,,B,36930.0
50564,2025-09-16,50,32.9,140.0,No,General,2,,B,6190.0
50565,2025-09-16,83,21.3,127.0,Yes,Neurology,5,,B,40460.0
50566,2025-09-16,83,18.4,129.0,No,Neurology,7,,B,44780.0
50567,2025-09-17,43,20.3,89.0,No,Orthopaedics,2,,B,19690.0
50568,2025-09-17,23,22.0,144.0,No,Paediatrics,3,,B,-2130.0
50569,2025-09-18,81,25.1,102.0,No,General,9,,B,36450.0
50570,2025-09-18,21,26.4,125.0,No,General,1,,B,9870.0
50571,2025-09-19,14,18.0,163.0,,Paediatrics,1,,B,9430.0
50572,2025-09-19,66,26.5,120.0,Yes,Paediatrics,4,,B,36820.0
50573,2025-09-20,66,35.1,101.0,Yes,Orthopaedics,4,,B,42180.0
50574,2025-09-20,86,21.6,149.0,,Orthopaedics,3,,B,30990.0
50575,2025-09-21,2,,117.0,No,Cardiology,3,,B,1370.0
50576,2025-09-21,33,,123.0,No,Neurology,2,,B,13070.0
50577,2025-09-22,48,,123.0,No,General,3,,B,30580.0
50578,2025-09-22,36,21.9,136.0,,General,4,,B,23740.0
50579,2025-09-22,2,20.5,137.0,Yes,General,1,,B,8480.0
50580,2025-09-23,5,20.3,123.0,Yes,Neurology,3,,B,24620.0
50581,2025-09-23,39,29.9,142.0,No,Orthopaedics,2,,B,20660.0
50582,2025-09-24,21,,112.0,No,General,1,,B,5740.0
50583,2025-09-24,33,15.0,135.0,No,Neurology,5,,B,30070.0
50584,2025-09-25,81,15.1,116.0,No,Paediatrics,3,,B,30610.0
50585,2025-09-25,1,19.3,136.0,Yes,Neurology,3,,B,20430.0
50586,2025-09-26,87,18.1,115.0,No,Cardiology,4,,B,37270.0
50587,2025-09-26,88,26.8,119.0,No,Orthopaedics,2,,B,18360.0
50588,2025-09-27,44,25.9,147.0,Yes,Orthopaedics,4,,B,38210.0
50589,2025-09-27,12,33.8,108.0,Yes,General,3,,B,29090.0
50590,2025-09-27,77,28.5,107.0,No,General,3,,B,23130.0
50591,2025-09-28,71,25.5,134.0,No,Neurology,6,,B,33680.0
50592,2025-09-28,20,30.3,121.0,No,Neurology,2,,B,22790.0
50593,2025-09-29,36,,119.0,,Neurology,2,,B,20220.0
50594,2025-09-29,58,18.5,123.0,No,Orthopaedics,1,,B,12410.0
50595,2025-09-30,89,25.1,157.0,No,General,3,,B,24250.0
50596,2025-09-30,82,29.2,110.0,,Paediatrics,9,,B,49450.0
50597,2025-10-01,87,17.5,121.0,No,Cardiology,5,,B,41400.0
50598,2025-10-01,32,29.0,128.0,No,Orthopaedics,1,,B,26120.0
50599,2025-10-02,49,28.8,111.0,No,Neurology,2,,B,27830.0
50600,2025-10-02,57,22.6,125.0,,Paediatrics,1,,B,17300.0
50601,2025-10-03,19,25.7,132.0,No,Cardiology,6,,B,32500.0
50602,2025-10-03,67,23.6,111.0,No,Paediatrics,4,,B,26050.0
50603,2025-10-03,33,25.3,142.0,No,General,1,,B,7270.0
50604,2025-10-04,13,28.6,108.0,Yes,Cardiology,4,,B,23290.0
50605,2025-10-04,85,21.2,123.0,Yes,Cardiology,8,,B,64870.0
50606,2025-10-05,24,29.7,130.0,No,Neurology,2,,B,14110.0
50607,2025-10-05,83,28.9,173.0,Yes,General,10,,B,62850.0
50608,2025-10-06,53,29.0,99.0,Yes,Paediatrics,2,,B,26000.0
50609,2025-10-06,30,15.9,129.0,No,Paediatrics,7,,B,34570.0
50610,2025-10-07,24,16.4,163.0,No,Cardiology,10,,B,41100.0
50611,2025-10-07,61,,116.0,No,Neurology,6,,B,37610.0
50612,2025-10-08,15,22.2,141.0,No,Neurology,3,,B,15730.0
50613,2025-10-08,8,,128.0,,General,3,,B,21410.0
50614,2025-10-08,15,21.4,104.0,Yes,General,1,,B,8380.0
50615,2025-10-09,63,18.8,131.0,No,General,4,,B,29130.0
50616,2025-10-09,70,,112.0,Yes,General,11,,B,61520.0
50617,2025-10-10,67,21.6,126.0,No,Cardiology,15,,B,69560.0
50618,2025-10-10,41,,103.0,No,Orthopaedics,5,,B,37020.0
50619,2025-10-11,17,,136.0,No,Neurology,4,,B,24490.0
50620,2025-10-11,50,,89.0,No,Neurology,2,,B,14750.0
50621,2025-10-12,86,30.0,122.0,No,Neurology,6,,B,46430.0
50622,2025-10-12,57,,144.0,No,Orthopaedics,6,,B,34190.0
50623,2025-10-13,7,36.4,133.0,No,Cardiology,3,,B,29010.0
50624,2025-10-13,29,18.7,120.0,No,Cardiology,2,,B,10380.0
50625,2025-10-14,33,27.6,122.0,No,General,1,,B,14960.0
50626,2025-10-14,59,29.1,119.0,No,Orthopaedics,5,,B,32720.0
50627,2025-10-14,11,,166.0,No,Neurology,5,,B,22090.0
50628,2025-10-15,41,28.3,124.0,No,Paediatrics,1,,B,13160.0
50629,2025-10-15,83,24.4,125.0,No,Paediatrics,3,,B,23310.0
50630,2025-10-16,9,16.8,114.0,No,General,2,,B,10300.0
50631,2025-10-16,53,26.5,118.0,No,Neurology,1,,B,20600.0
50632,2025-10-17,47,,134.0,No,Cardiology,4,,B,25000.0
50633,2025-10-17,24,22.4,999,Yes,General,4,,B,27080.0
50634,2025-10-18,45,17.1,113.0,No,Orthopaedics,3,,B,22330.0
50635,2025-10-18,6,22.1,117.0,No,Cardiology,4,,B,12670.0
50636,2025-10-19,62,26.4,120.0,No,Neurology,1,,B,21490.0
50637,2025-10-19,16,,128.0,No,Cardiology,8,,B,40160.0
50638,2025-10-19,86,30.0,118.0,No,Neurology,4,,B,21930.0
50639,2025-10-20,88,27.5,122.0,No,Neurology,3,,B,26020.0
50640,2025-10-20,5,27.2,114.0,No,Neurology,4,,B,12320.0
50641,2025-10-21,47,15.7,144.0,No,Neurology,3,,B,25420.0
50642,2025-10-21,55,35.1,126.0,No,Paediatrics,1,,B,27590.0
50643,2025-10-22,81,25.1,120.0,No,Cardiology,4,,B,23620.0
50644,2025-10-22,63,28.9,129.0,No,Orthopaedics,10,,B,50450.0
50645,2025-10-23,45,23.3,124.0,No,Neurology,7,,B,35680.0
50646,2025-10-23,43,,101.0,,Orthopaedics,7,,B,33610.0
50647,2025-10-24,35,25.2,122.0,Yes,Neurology,8,,B,51780.0
50648,2025-10-24,39,32.1,150.0,No,Paediatrics,6,,B,42550.0
50649,2025-10-25,21,31.9,133.0,No,Paediatrics,6,,B,36860.0
50650,2025-10-25,64,,143.0,No,Orthopaedics,3,,B,32200.0
50651,2025-10-25,54,,999,Yes,General,4,,B,47520.0
50652,2025-10-26,49,23.1,103.0,Yes,General,6,,B,41460.0
50653,2025-10-26,49,27.3,115.0,No,General,4,,B,24150.0
50654,2025-10-27,38,22.8,145.0,No,Paediatrics,2,,B,10530.0
50655,2025-10-27,77,30.9,110.0,No,Paediatrics,6,,B,47490.0
50656,2025-10-28,59,,113.0,Yes,Neurology,3,,B,37030.0
50657,2025-10-28,19,29.4,142.0,No,Orthopaedics,3,,B,25020.0
50658,2025-10-29,55,32.8,121.0,Yes,Paediatrics,1,,B,27270.0
50659,2025-10-29,37,15.4,122.0,Yes,Cardiology,6,,B,37410.0
50660,2025-10-30,8,34.9,131.0,No,Cardiology,11,,B,55000.0
50661,2025-10-30,31,26.4,126.0,Yes,General,5,,B,43180.0
50662,2025-10-30,32,23.5,120.0,No,Neurology,3,,B,19940.0
50663,2025-10-31,65,16.1,129.0,Yes,General,5,,B,42100.0
50664,2025-10-31,80,23.5,114.0,No,General,3,,B,21590.0
50665,2025-11-01,37,14.4,124.0,No,Neurology,3,,B,21350.0
50666,2025-11-01,15,25.3,135.0,No,General,5,,B,26190.0
50667,2025-11-02,66,24.2,109.0,No,Neurology,5,,B,26340.0
50668,2025-11-02,47,,122.0,No,Orthopaedics,8,,B,57560.0
50669,2025-11-03,4,23.4,108.0,No,Cardiology,6,,B,19360.0
50670,2025-11-03,57,29.9,136.0,No,Orthopaedics,1,,B,23750.0
50671,2025-11-04,37,30.3,134.0,Yes,Paediatrics,6,,B,42770.0
50672,2025-11-04,11,34.4,139.0,No,Paediatrics,2,,B,18530.0
50673,2025-11-05,81,23.8,140.0,No,Neurology,7,,B,38000.0
50674,2025-11-05,18,,140.0,No,General,8,,B,34700.0
50675,2025-11-05,57,,999,No,Cardiology,3,,B,26480.0
50676,2025-11-06,29,,113.0,No,Orthopaedics,1,,B,8150.0
50677,2025-11-06,36,23.7,139.0,No,General,6,,B,28540.0
50678,2025-11-07,54,24.8,999,No,Neurology,4,,B,31050.0
50679,2025-11-07,3,19.4,160.0,No,General,1,,B,8830.0
50680,2025-11-08,12,23.1,129.0,Yes,Paediatrics,4,,B,28220.0
50681,2025-11-08,19,,134.0,No,General,2,,B,15430.0
50682,2025-11-09,69,22.9,106.0,No,General,9,,B,58680.0
50683,2025-11-09,24,24.2,141.0,No,Orthopaedics,3,,B,15410.0
50684,2025-11-10,61,20.9,143.0,Yes,Cardiology,8,,B,54360.0
50685,2025-11-10,68,31.3,101.0,No,Orthopaedics,5,,B,39880.0
50686,2025-11-10,72,33.2,117.0,No,Neurology,2,,B,19330.0
50687,2025-11-11,56,25.9,118.0,No,Paediatrics,1,,B,3460.0
50688,2025-11-11,22,24.4,115.0,No,Neurology,3,,B,16800.0
50689,2025-11-12,20,32.6,146.0,No,General,4,,B,30890.0
50690,2025-11-12,49,27.2,157.0,No,Neurology,3,,B,23860.0
50691,2025-11-13,18,21.9,109.0,No,Orthopaedics,7,,B,28170.0
50692,2025-11-13,77,18.7,141.0,No,Cardiology,5,,B,30070.0
50693,2025-11-14,55,22.2,121.0,No,Cardiology,5,,B,34790.0
50694,2025-11-14,39,35.1,146.0,No,Cardiology,4,,B,29430.0
50695,2025-11-15,19,22.2,88.0,Yes,General,2,,B,11000.0
50696,2025-11-15,51,,118.0,No,Paediatrics,6,,B,47930.0
50697,2025-11-16,38,25.0,143.0,No,Orthopaedics,1,,B,12340.0
50698,2025-11-16,37,24.0,114.0,No,General,1,,B,13000.0
50699,2025-11-16,69,31.1,999,No,General,5,,B,43540.0
50700,2025-11-17,66,23.8,117.0,No,Orthopaedics,2,,B,27790.0
