customer_id,age,city,loyalty_tier,tenure_months,monthly_spend,total_spend,support_tickets,country,referral_code,churned
CUST-10000,67,Delhi,Bronze,11,1225.52,13480.72,3,India,,Yes
CUST-10001,50,Bengaluru,Bronze,34,1935.59,65810.06,5,India,,Yes
CUST-10002,53,Bengaluru,Platinum,59,2428.92,143306.28,0,India,REF720,No
CUST-10003,,Chennai,Bronze,45,944.01,42480.45,2,India,,No
CUST-10004,48,Hyderabad,Bronze,3,1712.75,5138.25,3,India,REF639,Yes
CUST-10005,58,Chennai,Gold,59,1072.41,63272.19,2,India,,No
CUST-10006,61,Delhi,Platinum,27,1474.95,39823.65,2,India,,No
CUST-10007,29,Pune,Gold,49,1205.11,59050.39,1,India,,No
CUST-10008,20,Mumbai,Bronze,47,537.39,25257.33,1,India,,No
CUST-10009,,Mumbai,Bronze,46,1317.0,60582.0,2,India,REF939,Yes
CUST-10010,32,,Silver,30,2701.93,81057.9,0,India,REF308,Yes
CUST-10011,63,,Gold,29,617.94,17920.26,0,India,,No
CUST-10012,65,,Gold,8,1104.48,8835.84,1,India,,No
CUST-10013,18,Hyderabad,Bronze,40,2279.76,91190.4,1,India,REF299,Yes
CUST-10014,43,Delhi,Silver,21,569.13,11951.73,0,India,,Yes
CUST-10015,60,Bengaluru,Gold,29,1550.16,44954.64,1,India,,No
CUST-10016,24,Pune,Silver,12,573.58,6882.96,0,India,,Yes
CUST-10017,59,Pune,Silver,53,3319.95,175957.35,2,India,,Yes
CUST-10018,24,Chennai,Platinum,66,102248.76, ,0,India,,No
CUST-10019,42,Mumbai,Platinum,28,6753.42,189095.76,2,India,,No
CUST-10020,60,Pune,Gold,31,1124.01,34844.31,1,India,,Yes
CUST-10021,33,Pune,Silver,34,2421.54,82332.36,4,India,,No
CUST-10022,35,Mumbai,Bronze,6,1475.57,8853.42,2,India,REF514,Yes
CUST-10023,,Pune,Bronze,54,1453.43,78485.22,1,India,,No
CUST-10024,55,Delhi,Bronze,63,4620.26,291076.38,2,India,REF931,No
CUST-10025,31,,Silver,36,466.22,16783.92,3,India,,Yes
CUST-10026,69,Pune,Gold,5,3115.78,15578.9,2,India,,Yes
CUST-10027,,Hyderabad,Gold,25,1287.97,32199.25,2,India,REF487,Yes
CUST-10028,42,Delhi,Gold,12,4133.3,49599.6,0,India,,Yes
CUST-10029,44,Bengaluru,Bronze,59,1555.86,91795.74,1,India,,No
CUST-10030,48,,Bronze,57,782.01,44574.57,1,India,,No
CUST-10031,46,Delhi,Bronze,28,1671.89,46812.92,0,India,,No
CUST-10032,44,Bengaluru,Silver,27,2413.36,65160.72,2,India,,Yes
CUST-10033,69,Mumbai,Platinum,60,1378.31,82698.6,4,India,REF142,No
CUST-10034,59,Pune,Gold,7,1979.17,13854.19,0,India,,Yes
CUST-10035,59,Bengaluru,Bronze,56,882.41,49414.96,2,India,,Yes
CUST-10036,54,Pune,Bronze,69,242.96,16764.24,1,India,REF173,No
CUST-10037,,Bengaluru,Gold,32,2751.82,88058.24,1,India,,No
CUST-10038,35,Pune,Gold,54,2343.33,126539.82,1,India,,No
CUST-10039,69,Hyderabad,Gold,51,1508.0,76908.0,0,India,,No
CUST-10040,42,Hyderabad,Bronze,64,1414.78,90545.92,2,India,REF800,No
CUST-10041,29,Pune,Bronze,3,3068.78,9206.34,2,India,REF394,Yes
CUST-10042,61,Pune,Silver,51,929.19,47388.69,3,India,,No
CUST-10043,26,Chennai,Gold,28,761.11,21311.08,1,India,,Yes
CUST-10044,62,Bengaluru,Bronze,62,1151.89,71417.18,1,India,,No
CUST-10045,,Chennai,Bronze,62,3467.81,215004.22,1,India,,Yes
CUST-10046,23,Mumbai,Bronze,21,441.56,9272.76,1,India,,No
CUST-10047,20,Mumbai,Bronze,42,3475.4,145966.8,3,India,,Yes
CUST-10048,41,Mumbai,Bronze,36,803.2,28915.2,2,India,,No
CUST-10049,19,Delhi,Gold,40,555.24,22209.6,3,India,,No
CUST-10050,25,Mumbai,Silver,60,3670.38,220222.8,6,India,,Yes
CUST-10051,44,Pune,Silver,48,1239.53,59497.44,2,India,,No
CUST-10052,68,Hyderabad,Bronze,54,473.34,25560.36,1,India,,No
CUST-10053,42,Mumbai,Bronze,49,1005.27,49258.23,0,India,,Yes
CUST-10054,60,Pune,Gold,18,2820.99,50777.82,1,India,,No
CUST-10055,65,Mumbai,Silver,42,3476.08,145995.36,1,India,,No
CUST-10056,60,Chennai,Bronze,27,951.77,25697.79,2,India,REF582,Yes
CUST-10057,,Chennai,Silver,30,1853.92,55617.6,2,India,,No
CUST-10058,40,Hyderabad,Platinum,8,2371.48,18971.84,0,India,,Yes
CUST-10059,44,Chennai,Bronze,14,799.75,11196.5,1,India,,Yes
CUST-10060,31,,Platinum,25,1779.4,44485.0,1,India,,No
CUST-10061,43,Mumbai,Bronze,21,1305.7,27419.7,1,India,,Yes
CUST-10062,37,Mumbai,Bronze,46,10468.08,481531.68,2,India,,No
CUST-10063,30,Mumbai,Platinum,21,903.51,18973.71,1,India,,Yes
CUST-10064,69,Hyderabad,Platinum,18,1413.22,25437.96,1,India,,No
CUST-10065,18,Hyderabad,Bronze,31,1371.81,42526.11,1,India,,Yes
CUST-10066,23,Bengaluru,Silver,41,852.02,34932.82,2,India,,No
CUST-10067,28,Bengaluru,Silver,71,952.65,67638.15,2,India,,No
CUST-10068,68,Mumbai,Bronze,37,3263.87,120763.19,2,India,,Yes
CUST-10069,53,Delhi,Gold,26,1589.32,41322.32,0,India,,No
CUST-10070,63,Mumbai,Silver,23,2719.15,62540.45,2,India,,Yes
CUST-10071,28,Chennai,Bronze,32,3503.29,112105.28,2,India,,Yes
CUST-10072,55,Delhi,Silver,66,2145.38,141595.08,1,India,,No
CUST-10073,37,Chennai,Silver,27,8239.62,222469.74,3,India,REF499,Yes
CUST-10074,43,Hyderabad,Silver,18,692.12,12458.16,1,India,,Yes
CUST-10075,18,Hyderabad,Silver,42,2557.35,107408.7,3,India,,Yes
CUST-10076,50,Pune,Silver,55,1038.45,57114.75,1,India,,No
CUST-10077,61,Mumbai,Bronze,68,5911.33,401970.44,1,India,REF630,No
CUST-10078,52,Chennai,Bronze,20,5220.52,104410.4,0,India,,No
CUST-10079,,Chennai,Bronze,64,280.52,17953.28,2,India,,No
CUST-10080,45,Chennai,Silver,61,617.02,37638.22,5,India,REF218,No
CUST-10081,,Bengaluru,Bronze,27,2278.9,61530.3,2,India,,Yes
CUST-10082,68,Pune,Gold,24,2519.7,60472.8,1,India,,No
CUST-10083,63,Delhi,Platinum,19,2414.51,45875.69,0,India,,No
CUST-10084,,Mumbai,Bronze,23,1265.61,29109.03,2,India,REF597,Yes
CUST-10085,44,Bengaluru,Bronze,63,1927.73,121446.99,0,India,,No
CUST-10086,66,Bengaluru,Bronze,23,2258.41,51943.43,1,India,REF920,No
CUST-10087,62,Mumbai,Silver,36,1258.53,45307.08,3,India,,No
CUST-10088,54,Hyderabad,Gold,67,3046.78,204134.26,1,India,,No
CUST-10089,51,Mumbai,Silver,49,219.73,10766.77,0,India,,No
CUST-10090,20,Delhi,Bronze,10,2223.94,22239.4,1,India,,No
CUST-10091,56,Mumbai,Silver,6,585.67,3514.02,1,India,,Yes
CUST-10092,42,Pune,Bronze,16,2884.03,46144.48,0,India,,No
CUST-10093,,Chennai,Silver,62,1115.49,69160.38,2,India,,No
CUST-10094,30,Chennai,Bronze,17,657.85,11183.45,3,India,,Yes
CUST-10095,46,Chennai,Silver,23,1806.46,41548.58,1,India,REF514,No
CUST-10096,55,Mumbai,Silver,39,646.09,25197.51,2,India,,Yes
CUST-10097,,Delhi,Silver,36,645.35,23232.6,1,India,,Yes
CUST-10098,49,Chennai,Silver,6,382.28,2293.68,2,India,,Yes
CUST-10099,63,,Silver,15,1311.12,19666.8,3,India,,Yes
CUST-10100,53,Chennai,Silver,71,1993.12,141511.52,2,India,,No
CUST-10101,36,Chennai,Bronze,30,3036.38,91091.4,1,India,,Yes
CUST-10102,51,Mumbai,Gold,20,1195.86,23917.2,1,India,,No
CUST-10103,,Bengaluru,Silver,59,3097.29,182740.11,1,India,,No
CUST-10104,23,Bengaluru,Silver,34,1358.82,46199.88,2,India,,No
CUST-10105,21,Bengaluru,Bronze,59,1243.11,73343.49,0,India,,No
CUST-10106,52,Chennai,Bronze,12,2119.32,25431.84,1,India,,Yes
CUST-10107,38,Hyderabad,Gold,34,3123.51,106199.34,1,India,,No
CUST-10108,49,Mumbai,Gold,58,1019.28,59118.24,1,India,,No
CUST-10109,34,Pune,Platinum,55,1102.12,60616.6,0,India,REF302,No
CUST-10110,29,Mumbai,Silver,49,1177.72,57708.28,3,India,,Yes
CUST-10111,25,Pune,Gold,33,1431.12,47226.96,1,India,REF211,No
CUST-10112,37,Chennai,Gold,59,651.76,38453.84,2,India,,No
CUST-10113,,Pune,Silver,27,3048.5,82309.5,1,India,,No
CUST-10114,38,Mumbai,Gold,47,972.31,45698.57,4,India,,No
CUST-10115,37,Mumbai,Gold,39,1939.05,75622.95,4,India,,Yes
CUST-10116,47,Hyderabad,Bronze,22,692.02,15224.44,1,India,,No
CUST-10117,68,Bengaluru,Bronze,15,1784.77,26771.55,1,India,REF321,Yes
CUST-10118,38,Pune,Bronze,38,1832.2,69623.6,1,India,,Yes
CUST-10119,48,Chennai,Silver,23,956.67,22003.41,3,India,REF489,No
CUST-10120,40,Mumbai,Silver,37,6746.04,249603.48,2,India,REF257,Yes
CUST-10121,49,Pune,Silver,51,1802.32,91918.32,2,India,REF931,No
CUST-10122,41,Hyderabad,Gold,57,5549.94,316346.58,2,India,,No
CUST-10123,51,Hyderabad,Gold,55,2885.09,158679.95,2,India,,Yes
CUST-10124,46,Chennai,Bronze,37,788.54,29175.98,0,India,REF238,No
CUST-10125,53,Delhi,Bronze,5,986.59,4932.95,1,India,,Yes
CUST-10126,67,Pune,Gold,13,1898.62,24682.06,1,India,,No
CUST-10127,,Bengaluru,Gold,53,1406.61,74550.33,1,India,,No
CUST-10128,47,Mumbai,Bronze,43,1393.49,59920.07,2,India,,No
CUST-10129,40,Delhi,Silver,59,1065.33,62854.47,2,India,,No
CUST-10130,36,Pune,Bronze,35,315.2,11032.0,2,India,,Yes
CUST-10131,30,Delhi,Silver,32,1118.4,35788.8,4,India,,Yes
CUST-10132,20,Delhi,Platinum,18,227.13,4088.34,1,India,,No
CUST-10133,38,Mumbai,Bronze,5,1803.45,9017.25,1,India,,Yes
CUST-10134,60,,Gold,11,749.31,8242.41,2,India,,Yes
CUST-10135,23,Delhi,Silver,49,755.72,37030.28,2,India,,Yes
CUST-10136,,Chennai,Platinum,42,1123.9,47203.8,1,India,,No
CUST-10137,68,Mumbai,Gold,18,1665.93,29986.74,0,India,REF181,No
CUST-10138,67,Delhi,Bronze,26,425.98,11075.48,3,India,REF784,Yes
CUST-10139,29,Bengaluru,Silver,46,330.67,15210.82,2,India,,No
CUST-10140,18,Pune,Gold,28,570.86,15984.08,2,India,,No
CUST-10141,52,Bengaluru,Bronze,27,261.55,7061.85,0,India,REF247,Yes
CUST-10142,18,Pune,Silver,20,618.02,12360.4,1,India,,No
CUST-10143,33,Chennai,Bronze,46,4782.44,219992.24,1,India,,No
CUST-10144,43,Bengaluru,Bronze,64,575.21,36813.44,2,India,,No
CUST-10145,63,Chennai,Bronze,19,2255.49,42854.31,3,India,,No
CUST-10146,,Hyderabad,Bronze,21,447.06,9388.26,4,India,,Yes
CUST-10147,52,Pune,Platinum,34,1701.55,57852.7,2,India,,Yes
CUST-10148,45,Chennai,Bronze,14,1037.13,14519.82,0,India,REF626,Yes
CUST-10149,24,Pune,Bronze,38,1276.85,48520.3,0,India,,No
CUST-10150,,,Silver,63,2111.22, ,1,India,,No
CUST-10151,61,Bengaluru,Silver,45,5458.84,245647.8,0,India,,No
CUST-10152,43,Hyderabad,Platinum,12,1565.19,18782.28,0,India,,No
CUST-10153,67,Delhi,Silver,15,1479.54,22193.1,3,India,,Yes
CUST-10154,,Hyderabad,Gold,6,614.81,3688.86,2,India,REF839,Yes
CUST-10155,65,Pune,Bronze,69,2135.96,147381.24,1,India,,No
CUST-10156,67,Mumbai,Silver,25,1100.08,27502.0,0,India,,No
CUST-10157,47,Pune,Bronze,21,2606.09,54727.89,1,India,,Yes
CUST-10158,32,,Gold,61,1293.41,78898.01,2,India,,No
CUST-10159,25,Hyderabad,Silver,22,5392.07,118625.54,0,India,,Yes
CUST-10160,47,Pune,Bronze,17,274.15,4660.55,2,India,,Yes
CUST-10161,28,Chennai,Gold,19,1056.5,20073.5,1,India,,No
CUST-10162,57,Bengaluru,Silver,29,2711.3,78627.7,2,India,,Yes
CUST-10163,66,Mumbai,Silver,5,1011.76,5058.8,2,India,,No
CUST-10164,30,Pune,Bronze,46,710.71,32692.66,1,India,,Yes
CUST-10165,46,Pune,Gold,31,1082.79,33566.49,1,India,,Yes
CUST-10166,20,Pune,Silver,69,444.1,30642.9,3,India,,No
CUST-10167,27,Mumbai,Gold,55,1473.16,81023.8,0,India,,No
CUST-10168,37,Mumbai,Bronze,28,113241.24,3170754.72,1,India,REF985,No
CUST-10169,63,Pune,Silver,51,3347.69,170732.19,0,India,,No
CUST-10170,68,Bengaluru,Bronze,58,551.58,31991.64,2,India,,No
CUST-10171,51,Hyderabad,Silver,14,666.02,9324.28,3,India,,Yes
CUST-10172,48,Delhi,Silver,12,968.95,11627.4,2,India,,Yes
CUST-10173,47,Chennai,Gold,10,35898.12,358981.2,1,India,REF679,Yes
CUST-10174,21,Delhi,Gold,4,694.23,2776.92,1,India,,Yes
CUST-10175,37,Mumbai,Bronze,23,771.1,17735.3,2,India,,Yes
CUST-10176,69,Pune,Gold,57,2718.4,154948.8,2,India,,Yes
CUST-10177,39,Bengaluru,Bronze,55,2675.05,147127.75,1,India,,No
CUST-10178,29,Bengaluru,Bronze,27,993.22,26816.94,1,India,,No
CUST-10179,30,Delhi,Bronze,35,547.73,19170.55,4,India,REF226,No
CUST-10180,55,Delhi,Bronze,55,387.69,21322.95,1,India,REF231,No
CUST-10181,19,Pune,Gold,66,765.71,50536.86,2,India,,No
CUST-10182,,Bengaluru,Silver,20,224.88,4497.6,0,India,,No
CUST-10183,63,Chennai,Bronze,47,2440.25,114691.75,1,India,REF595,No
CUST-10184,,Bengaluru,Gold,43,809.14,34793.02,1,India,,No
CUST-10185,42,Chennai,Platinum,45,1968.52,88583.4,1,India,,No
CUST-10186,57,Bengaluru,Silver,57,5970.94,340343.58,0,India,,No
CUST-10187,46,Bengaluru,Silver,55,3423.42,188288.1,0,India,,No
CUST-10188,42,Delhi,Gold,29,533.3,15465.7,1,India,,No
CUST-10189,34,Pune,Bronze,54,2684.9,144984.6,2,India,REF190,Yes
CUST-10190,41,Bengaluru,Platinum,4,3382.21,13528.84,4,India,,Yes
CUST-10191,57,Delhi,Bronze,25,737.24,18431.0,1,India,,No
CUST-10192,,Mumbai,Bronze,16,624.76,9996.16,4,India,,Yes
CUST-10193,19,Hyderabad,Gold,19,1226.9,23311.1,1,India,,Yes
CUST-10194,55,Bengaluru,Bronze,65,371.99,24179.35,1,India,,No
CUST-10195,37,Hyderabad,Bronze,32,4344.16,139013.12,5,India,,Yes
CUST-10196,59,Bengaluru,Silver,6,195.53,1173.18,1,India,,Yes
CUST-10197,19,Mumbai,Bronze,35,552.56,19339.6,1,India,,No
CUST-10198,65,Hyderabad,Bronze,5,1079.6,5398.0,2,India,,Yes
CUST-10199,24,Pune,Bronze,11,1116.92,12286.12,2,India,,Yes
CUST-10200,,Hyderabad,Bronze,28,1529.81,42834.68,2,India,,Yes
CUST-10201,68,,Silver,32,1664.3,53257.6,2,India,,No
CUST-10202,23,Delhi,Silver,17,1129.03,19193.51,2,India,,Yes
CUST-10203,52,Delhi,Bronze,46,3325.94,152993.24,0,India,,No
CUST-10204,,Bengaluru,Gold,36,241.89,8708.04,1,India,,No
CUST-10205,40,Mumbai,Bronze,10,1339.25,13392.5,1,India,,Yes
CUST-10206,22,Delhi,Bronze,59,756.22,44616.98,3,India,,No
CUST-10207,,Mumbai,Gold,10,1489.22,14892.2,2,India,REF919,Yes
CUST-10208,40,Pune,Bronze,26,1598.16,41552.16,1,India,,Yes
CUST-10209,63,,Bronze,13,645.83,8395.79,0,India,,No
CUST-10210,53,Delhi,Bronze,67,802.11,53741.37,3,India,,No
CUST-10211,35,Mumbai,Bronze,21,2525.18,53028.78,4,India,REF451,Yes
CUST-10212,21,Delhi,Bronze,62,1770.9,109795.8,0,India,,No
CUST-10213,48,Bengaluru,Bronze,69,777.28,53632.32,2,India,REF627,No
CUST-10214,,Bengaluru,Bronze,16,6849.38,109590.08,1,India,,Yes
CUST-10215,53,Chennai,Bronze,2,101951.16,203902.32,1,India,,Yes
CUST-10216,62,,Silver,1,415.73,415.73,1,India,,No
CUST-10217,36,Mumbai,Bronze,14,1705.2,23872.8,4,India,REF982,Yes
CUST-10218,64,Bengaluru,Bronze,29,9968.6,289089.4,3,India,,No
CUST-10219,44,Chennai,Bronze,12,2507.69,30092.28,1,India,REF722,Yes
CUST-10220,,Hyderabad,Bronze,68,1598.54,108700.72,0,India,,No
CUST-10221,57,Bengaluru,Bronze,34,1134.05,38557.7,1,India,,Yes
CUST-10222,59,Bengaluru,Silver,61,868.74,52993.14,1,India,,No
CUST-10223,,Bengaluru,Gold,2,1130.02,2260.04,3,India,,Yes
CUST-10224,69,Hyderabad,Gold,10,862.14,8621.4,1,India,,No
CUST-10225,25,Bengaluru,Silver,33,2430.68,80212.44,0,India,REF676,Yes
CUST-10226,39,Bengaluru,Gold,12,974.06,11688.72,2,India,,Yes
CUST-10227,66,Bengaluru,Gold,12,941.13,11293.56,2,India,,No
CUST-10228,33,Pune,Silver,2,511.97,1023.94,1,India,,Yes
CUST-10229,18,Hyderabad,Gold,20,1287.33,25746.6,2,India,,No
CUST-10230,47,Bengaluru,Bronze,55,655.04,36027.2,2,India,,No
CUST-10231,57,Chennai,Silver,57,1159.1,66068.7,0,India,,No
CUST-10232,56,Bengaluru,Silver,37,36988.44, ,1,India,,Yes
CUST-10233,60,Bengaluru,Silver,14,1794.96,25129.44,2,India,,Yes
CUST-10234,51,Delhi,Silver,32,2005.76,64184.32,3,India,,Yes
CUST-10235,25,Mumbai,Bronze,44,21370.800000000003,940315.2,1,India,,Yes
CUST-10236,62,Mumbai,Gold,11,1404.37, ,2,India,REF940,Yes
CUST-10237,39,Pune,Bronze,29,1209.71,35081.59,0,India,REF441,No
CUST-10238,62,Pune,Bronze,59,1047.07,61777.13,1,India,,No
CUST-10239,60,Hyderabad,Silver,30,2458.47,73754.1,2,India,REF318,Yes
CUST-10240,,Delhi,Gold,34,562.62,19129.08,0,India,REF648,No
CUST-10241,18,Hyderabad,Bronze,58,3915.03,227071.74,1,India,,No
CUST-10242,63,Bengaluru,Silver,48,1376.45,66069.6,1,India,REF353,No
CUST-10243,50,Mumbai,Bronze,12,735.86,8830.32,2,India,,Yes
CUST-10244,43,Hyderabad,Bronze,44,905.68,39849.92,1,India,,No
CUST-10245,59,Bengaluru,Bronze,66,779.31,51434.46,4,India,,No
CUST-10246,67,Hyderabad,Silver,16,1522.59,24361.44,0,India,,No
CUST-10247,44,Bengaluru,Bronze,64,754.25,48272.0,2,India,,No
CUST-10248,22,Hyderabad,Gold,42,3339.93,140277.06,0,India,,No
CUST-10249,55,Bengaluru,Bronze,48,716.72,34402.56,1,India,REF389,No
CUST-10250,29,Chennai,Bronze,24,217.45,5218.8,4,India,,No
CUST-10251,29,Mumbai,Bronze,4,746.35,2985.4,2,India,REF374,Yes
CUST-10252,28,Delhi,Bronze,2,268.59,537.18,1,India,,Yes
CUST-10253,28,Delhi,Gold,48,1297.38,62274.24,1,India,,No
CUST-10254,65,Pune,Platinum,70,3125.43,218780.1,2,India,,No
CUST-10255,36,Pune,Gold,43,2248.93,96703.99,4,India,,Yes
CUST-10256,23,Delhi,Bronze,26,459.4,11944.4,0,India,REF756,Yes
CUST-10257,27,Chennai,Gold,55,727.92,40035.6,0,India,,No
CUST-10258,38,Chennai,Bronze,68,5557.52,377911.36,4,India,,Yes
CUST-10259,35,Chennai,Bronze,16,1728.15,27650.4,2,India,REF608,Yes
CUST-10260,34,Pune,Silver,8,1343.85,10750.8,4,India,,Yes
CUST-10261,67,Chennai,Bronze,68,3117.7,212003.6,4,India,,No
CUST-10262,63,Hyderabad,Bronze,4,9529.93,38119.72,3,India,REF268,Yes
CUST-10263,47,Chennai,Platinum,63,3779.17,238087.71,0,India,,No
CUST-10264,69,Pune,Bronze,11,1497.47,16472.17,3,India,,Yes
CUST-10265,35,Mumbai,Gold,9,1778.9,16010.1,2,India,REF141,Yes
CUST-10266,,Bengaluru,Bronze,20,2194.4,43888.0,0,India,,No
CUST-10267,32,Delhi,Bronze,23,820.44,18870.12,3,India,REF112,Yes
CUST-10268,22,Delhi,Silver,24,574.23,13781.52,2,India,REF669,Yes
CUST-10269,67,Bengaluru,Bronze,3,1396.83,4190.49,1,India,REF887,Yes
CUST-10270,29,,Bronze,61,627.81,38296.41,3,India,,No
CUST-10271,41,Delhi,Bronze,59,1275.16,75234.44,3,India,,No
CUST-10272,28,Delhi,Bronze,49,1446.49,70878.01,0,India,,No
CUST-10273,68,Bengaluru,Bronze,65,8715.25,566491.25,1,India,REF759,No
CUST-10274,26,Delhi,Bronze,67,678.01,45426.67,0,India,,No
CUST-10275,44,Bengaluru,Platinum,71,1215.08,86270.68,0,India,REF572,No
CUST-10276,,Hyderabad,Gold,27,1174.45,31710.15,3,India,REF812,No
CUST-10277,45,Bengaluru,Silver,44,1900.45,83619.8,0,India,,No
CUST-10278,64,Delhi,Bronze,55,3094.49,170196.95,5,India,,Yes
CUST-10279,,,Silver,48,10856.52,521112.96,2,India,,No
CUST-10280,57,Hyderabad,Silver,57,694.31,39575.67,3,India,REF682,No
CUST-10281,56,Hyderabad,Silver,49,360.48,17663.52,2,India,,No
CUST-10282,47,Delhi,Bronze,28,638.45,17876.6,2,India,REF554,Yes
CUST-10283,48,,Bronze,41,2057.31,84349.71,1,India,,No
CUST-10284,,Bengaluru,Bronze,15,1389.25,20838.75,0,India,,No
CUST-10285,40,Pune,Bronze,68,594.46,40423.28,3,India,REF445,No
CUST-10286,67,Hyderabad,Gold,64,994.05,63619.2,0,India,,No
CUST-10287,63,Delhi,Silver,44,1373.58,60437.52,2,India,,Yes
CUST-10288,,Hyderabad,Silver,55,2004.09,110224.95,2,India,,No
CUST-10289,39,Bengaluru,Gold,24,833.21,19997.04,2,India,,Yes
CUST-10290,55,Mumbai,Silver,28,1096.25,30695.0,1,India,,No
CUST-10291,,Hyderabad,Bronze,37,312.7,11569.9,2,India,,No
CUST-10292,23,Mumbai,Bronze,19,533.2,10130.8,0,India,,No
CUST-10293,21,Pune,Gold,2,4886.21,9772.42,3,India,,Yes
CUST-10294,30,Pune,Bronze,29,232.64,6746.56,3,India,,Yes
CUST-10295,40,Chennai,Bronze,52,1022.25,53157.0,1,India,,No
CUST-10296,26,Chennai,Silver,19,1596.16, ,0,India,,Yes
CUST-10297,,Chennai,Gold,50,992.79,49639.5,2,India,,No
CUST-10298,46,Chennai,Gold,43,701.68,30172.24,1,India,,No
CUST-10299,67,Hyderabad,Silver,30,1275.56,38266.8,2,India,REF251,Yes
CUST-10300,56,Hyderabad,Silver,52,1334.12,69374.24,2,India,,No
CUST-10301,31,Pune,Bronze,61,1254.27,76510.47,1,India,,No
CUST-10302,58,Mumbai,Bronze,68,298.22,20278.96,0,India,REF386,No
CUST-10303,59,Mumbai,Silver,54,1190.44,64283.76,1,India,,No
CUST-10304,53,Chennai,Bronze,7,675.81,4730.67,1,India,REF464,Yes
CUST-10305,,Pune,Gold,24,864.21,20741.04,1,India,,Yes
CUST-10306,34,,Bronze,38,1606.13,61032.94,1,India,,No
CUST-10307,55,Hyderabad,Bronze,6,26835.72,161014.32,4,India,,Yes
CUST-10308,,Chennai,Platinum,30,2744.69,82340.7,2,India,REF758,No
CUST-10309,50,Mumbai,Bronze,10,900.43, ,1,India,,Yes
CUST-10310,65,Bengaluru,Silver,40,2805.12,112204.8,1,India,REF224,No
CUST-10311,,Mumbai,Bronze,14,3425.43,47956.02,0,India,,No
CUST-10312,33,Delhi,Platinum,20,3325.28,66505.6,0,India,,No
CUST-10313,35,Mumbai,Bronze,22,4071.69,89577.18,1,India,,Yes
CUST-10314,50,,Silver,70,1192.08,83445.6,1,India,,No
CUST-10315,38,Mumbai,Gold,32,1165.25,37288.0,1,India,,No
CUST-10316,56,Mumbai,Bronze,40,2591.63,103665.2,1,India,REF800,Yes
CUST-10317,28,Mumbai,Bronze,66,448.89,29626.74,3,India,,Yes
CUST-10318,,Mumbai,Bronze,1,1583.74,1583.74,1,India,,Yes
CUST-10319,,Chennai,Bronze,20,876.16,17523.2,0,India,,Yes
CUST-10320,42,Bengaluru,Gold,31,997.22,30913.82,1,India,,No
CUST-10321,29,Pune,Silver,64,332.55,21283.2,2,India,,No
CUST-10322,33,Hyderabad,Gold,52,656.92,34159.84,0,India,,No
CUST-10323,65,Chennai,Silver,49,1317.65,64564.85,1,India,,No
CUST-10324,60,Bengaluru,Silver,27,2726.47,73614.69,1,India,,Yes
CUST-10325,61,Pune,Bronze,61,2957.27,180393.47,1,India,,No
CUST-10326,48,Pune,Bronze,14,1256.06,17584.84,1,India,,No
CUST-10327,23,Bengaluru,Platinum,29,1151.21,33385.09,1,India,,No
CUST-10328,56,Pune,Platinum,26,689.15,17917.9,1,India,REF255,No
CUST-10329,,Chennai,Bronze,1,1848.05,1848.05,1,India,,Yes
CUST-10330,,Hyderabad,Gold,7,1098.76,7691.32,1,India,,No
CUST-10331,42,Delhi,Silver,56,2174.83,121790.48,1,India,,No
CUST-10332,27,Chennai,Bronze,68,5438.99,369851.32,1,India,REF319,No
CUST-10333,48,Bengaluru,Bronze,18,1305.18,23493.24,1,India,,Yes
CUST-10334,,Chennai,Silver,6,404.28,2425.68,2,India,,No
CUST-10335,52,Bengaluru,Platinum,11,672.71,7399.81,2,India,,No
CUST-10336,37,Mumbai,Platinum,5,417.17,2085.85,0,India,,No
CUST-10337,33,Chennai,Bronze,57,514.05,29300.85,2,India,REF522,No
CUST-10338,24,Chennai,Bronze,4,3805.55,15222.2,0,India,,Yes
CUST-10339,67,Chennai,Bronze,49,1605.72,78680.28,4,India,,No
CUST-10340,57,Mumbai,Bronze,57,396.97,22627.29,5,India,,Yes
CUST-10341,42,Pune,Platinum,16,2259.52,36152.32,0,India,REF757,No
CUST-10342,30,Mumbai,Bronze,17,3671.3,62412.1,1,India,,Yes
CUST-10343,50,Pune,Gold,19,1004.35,19082.65,3,India,,Yes
CUST-10344,39,Mumbai,Bronze,54,779.93,42116.22,0,India,,No
CUST-10345,51,Delhi,Platinum,67,1022.59,68513.53,1,India,,No
CUST-10346,,Pune,Silver,54,1681.91,90823.14,0,India,,No
CUST-10347,27,Pune,Gold,20,2234.95,44699.0,0,India,,No
CUST-10348,56,Hyderabad,Silver,51,3448.77,175887.27,2,India,REF460,Yes
CUST-10349,21,Hyderabad,Gold,50,3533.28,176664.0,1,India,,Yes
CUST-10350,53,Mumbai,Bronze,31,3457.58,107184.98,2,India,,No
CUST-10351,39,Bengaluru,Bronze,10,3981.99,39819.9,2,India,,Yes
CUST-10352,18,Hyderabad,Bronze,23,2273.58,52292.34,3,India,,Yes
CUST-10353,57,Chennai,Gold,58,393.58,22827.64,0,India,,No
CUST-10354,54,Chennai,Gold,37,1206.2,44629.4,3,India,,No
CUST-10355,60,Pune,Silver,9,1721.82,15496.38,2,India,,Yes
CUST-10356,64,Pune,Silver,65,985.84,64079.6,4,India,,No
CUST-10357,55,Pune,Bronze,37,2776.67,102736.79,2,India,,Yes
CUST-10358,61,Hyderabad,Gold,25,1004.08,25102.0,1,India,REF436,No
CUST-10359,23,Pune,Silver,3,638.68,1916.04,3,India,REF908,Yes
CUST-10360,,Bengaluru,Silver,41,4253.25,174383.25,5,India,,Yes
CUST-10361,65,Mumbai,Gold,40,2281.99,91279.6,1,India,,No
CUST-10362,54,Hyderabad,Bronze,11,1596.24,17558.64,3,India,REF984,Yes
CUST-10363,,Delhi,Silver,61,2811.2,171483.2,0,India,,No
CUST-10364,56,Mumbai,Silver,36,3133.88,112819.68,2,India,REF515,Yes
CUST-10365,63,Delhi,Gold,6,1759.58,10557.48,1,India,,No
CUST-10366,64,,Bronze,14,187.52,2625.28,2,India,,Yes
CUST-10367,45,Pune,Silver,20,780.18,15603.6,2,India,,Yes
CUST-10368,60,Delhi,Gold,54,929.58,50197.32,0,India,,No
CUST-10369,65,Chennai,Silver,55,609.5,33522.5,1,India,,No
CUST-10370,33,Mumbai,Bronze,59,1570.17,92640.03,1,India,,No
CUST-10371,20,Chennai,Gold,44,3476.43,152962.92,1,India,REF705,No
CUST-10372,26,Pune,Bronze,65,908.76,59069.4,2,India,,No
CUST-10373,19,Delhi,Bronze,23,540.31,12427.13,1,India,,Yes
CUST-10374,,Chennai,Gold,42,6784.72,284958.24,1,India,,No
CUST-10375,19,Bengaluru,Silver,45,933.42,42003.9,1,India,REF415,Yes
CUST-10376,31,Hyderabad,Bronze,27,499.51,13486.77,2,India,,No
CUST-10377,31,Mumbai,Gold,33,1619.94,53458.02,1,India,,No
CUST-10378,54,Mumbai,Silver,51,1882.86,96025.86,1,India,,Yes
CUST-10379,30,Pune,Bronze,62,762.01,47244.62,2,India,,No
CUST-10380,67,Mumbai,Bronze,66,2520.88,166378.08,3,India,,No
CUST-10381,27,Bengaluru,Gold,21,907.0,19047.0,1,India,,Yes
CUST-10382,68,Pune,Gold,51,640.11,32645.61,2,India,,No
CUST-10383,47,Delhi,Bronze,54,1545.14,83437.56,4,India,,Yes
CUST-10384,30,Delhi,Silver,67,2481.49,166259.83,2,India,,Yes
CUST-10385,20,Delhi,Silver,46,806.67,37106.82,2,India,,Yes
CUST-10386,33,Mumbai,Bronze,15,1744.98,26174.7,0,India,,No
CUST-10387,,Hyderabad,Bronze,53,1242.91,65874.23,1,India,,No
CUST-10388,23,Chennai,Bronze,13,12830.07,166790.91,1,India,,Yes
CUST-10389,,Bengaluru,Platinum,27,9118.44,246197.88,3,India,,Yes
CUST-10390,23,Delhi,Silver,35,4053.51,141872.85,0,India,,No
CUST-10391,53,Hyderabad,Bronze,52,1284.5,66794.0,3,India,,No
CUST-10392,,Delhi,Gold,12,1210.26,14523.12,2,India,,Yes
CUST-10393,19,Delhi,Silver,50,2385.9,119295.0,0,India,,No
CUST-10394,41,Bengaluru,Bronze,11,2738.57,30124.27,1,India,,No
CUST-10395,34,Delhi,Bronze,28,3690.85,103343.8,1,India,,Yes
CUST-10396,47,Pune,Bronze,9,1742.23,15680.07,1,India,,Yes
CUST-10397,,Chennai,Bronze,2,828.55,1657.1,1,India,,No
CUST-10398,62,Mumbai,Bronze,24,871.21,20909.04,2,India,,Yes
CUST-10399,45,Hyderabad,Bronze,69,2013.69, ,3,India,REF721,No
CUST-10400,51,Bengaluru,Gold,40,2131.8,85272.0,0,India,REF983,No
CUST-10401,60,Mumbai,Gold,51,4098.76,209036.76,0,India,,No
CUST-10402,40,Mumbai,Silver,17,1871.97,31823.49,3,India,REF131,Yes
CUST-10403,52,Hyderabad,Platinum,15,3127.95,46919.25,0,India,,No
CUST-10404,29,Bengaluru,Silver,65,4507.13,292963.45,1,India,,No
CUST-10405,49,Pune,Platinum,52,1528.19,79465.88,2,India,,No
CUST-10406,30,Mumbai,Gold,35,408.12,14284.2,2,India,,No
CUST-10407,27,,Silver,20,521.43,10428.6,1,India,REF361,Yes
CUST-10408,57,Hyderabad,Silver,62,424.01,26288.62,2,India,,No
CUST-10409,47,Hyderabad,Gold,34,4785.15,162695.1,0,India,,No
CUST-10410,37,Chennai,Gold,4,679.99,2719.96,0,India,,No
CUST-10411,20,Bengaluru,Gold,62,3588.44,222483.28,2,India,REF229,No
CUST-10412,30,Delhi,Bronze,30,2140.05,64201.5,2,India,,Yes
CUST-10413,59,Hyderabad,Bronze,32,5282.82,169050.24,1,India,,Yes
CUST-10414,42,Bengaluru,Bronze,28,2988.35,83673.8,1,India,,No
CUST-10415,67,Delhi,Gold,21,1234.11, ,1,India,REF603,No
CUST-10416,,Pune,Gold,43,1141.36,49078.48,2,India,,No
CUST-10417,62,Bengaluru,Bronze,22,1433.87,31545.14,1,India,,No
CUST-10418,18,Mumbai,Bronze,37,1541.03,57018.11,1,India,,No
CUST-10419,20,Bengaluru,Bronze,6,10512.36,63074.16,1,India,REF364,Yes
CUST-10420,48,,Platinum,60,1304.92, ,5,India,,No
CUST-10421,,Delhi,Silver,16,4853.5,77656.0,2,India,,Yes
CUST-10422,61,Hyderabad,Platinum,43,343.19,14757.17,2,India,,No
CUST-10423,34,Bengaluru,Silver,20,1647.13,32942.6,4,India,,Yes
CUST-10424,25,Delhi,Silver,14,648.35,9076.9,0,India,,Yes
CUST-10425,,Chennai,Silver,13,1555.62,20223.06,0,India,,Yes
CUST-10426,33,Pune,Gold,51,2622.5,133747.5,2,India,,No
CUST-10427,50,Mumbai,Gold,5,1279.1,6395.5,0,India,,No
CUST-10428,24,Mumbai,Bronze,57,2485.9, ,2,India,,No
CUST-10429,,Bengaluru,Silver,34,375.45,12765.3,3,India,REF846,Yes
CUST-10430,33,Bengaluru,Platinum,33,3247.34,107162.22,1,India,REF200,No
CUST-10431,34,,Silver,16,826.75,13228.0,1,India,,No
CUST-10432,52,Pune,Gold,26,2203.77,57298.02,1,India,,Yes
CUST-10433,62,Delhi,Silver,53,1549.92,82145.76,1,India,,No
CUST-10434,,Pune,Gold,64,169.28,10833.92,2,India,,No
CUST-10435,59,Pune,Bronze,66,731.54,48281.64,1,India,,No
CUST-10436,,Delhi,Bronze,45,1597.84,71902.8,0,India,,No
CUST-10437,,Delhi,Bronze,20,4643.3,92866.0,1,India,REF455,Yes
CUST-10438,61,Chennai,Bronze,6,1685.5,10113.0,0,India,,No
CUST-10439,57,Pune,Bronze,41,1646.09,67489.69,2,India,REF755,No
CUST-10440,57,,Platinum,40,432.62,17304.8,2,India,,No
CUST-10441,63,Pune,Platinum,36,4208.73,151514.28,1,India,,No
CUST-10442,43,Bengaluru,Bronze,38,5685.43,216046.34,2,India,,Yes
CUST-10443,28,,Gold,6,1370.4,8222.4,0,India,,No
CUST-10444,48,Mumbai,Silver,28,1123.49,31457.72,3,India,,Yes
CUST-10445,47,Hyderabad,Gold,9,366.78,3301.02,2,India,,No
CUST-10446,38,Chennai,Bronze,61,2715.3,165633.3,1,India,,Yes
CUST-10447,51,Hyderabad,Gold,63,11635.59,733042.17,2,India,,Yes
CUST-10448,31,Mumbai,Bronze,59,2377.23,140256.57,1,India,,No
CUST-10449,49,Pune,Silver,34,3681.08,125156.72,1,India,,No
CUST-10450,59,Pune,Bronze,57,2066.62,117797.34,1,India,REF161,No
CUST-10451,23,Delhi,Bronze,58,609.1,35327.8,0,India,,No
CUST-10452,41,Pune,Bronze,25,3902.37,97559.25,2,India,,Yes
CUST-10453,52,Delhi,Bronze,5,498.87,2494.35,1,India,,Yes
CUST-10454,20,Pune,Silver,60,13580.28,814816.8,1,India,,No
CUST-10455,50,Chennai,Silver,43,1674.18,71989.74,2,India,,Yes
CUST-10456,65,Hyderabad,Silver,32,2714.4,86860.8,1,India,,No
CUST-10457,60,Chennai,Gold,62,1868.31,115835.22,0,India,,No
CUST-10458,53,Bengaluru,Platinum,68,1825.24,124116.32,1,India,,No
CUST-10459,59,Chennai,Silver,62,728.37,45158.94,0,India,,No
CUST-10460,36,,Bronze,1,477.47,477.47,2,India,,Yes
CUST-10461,35,Hyderabad,Silver,1,1406.96,1406.96,2,India,,Yes
CUST-10462,,Chennai,Bronze,35,758.88,26560.8,2,India,,Yes
CUST-10463,55,Pune,Bronze,38,470.49,17878.62,1,India,,Yes
CUST-10464,34,Pune,Bronze,17,5838.0,99246.0,1,India,REF662,Yes
CUST-10465,63,Hyderabad,Bronze,27,904.97,24434.19,1,India,,No
CUST-10466,42,Hyderabad,Silver,41,304.28,12475.48,1,India,,No
CUST-10467,64,Pune,Bronze,54,455.79,24612.66,2,India,,No
CUST-10468,25,Mumbai,Silver,54,362.09,19552.86,1,India,,Yes
CUST-10469,26,Pune,Bronze,6,1549.69,9298.14,1,India,,Yes
CUST-10470,36,Pune,Bronze,28,1856.39,51978.92,0,India,REF450,No
CUST-10471,19,Hyderabad,Bronze,19,6672.25,126772.75,1,India,REF515,Yes
CUST-10472,43,Chennai,Platinum,21,404.23,8488.83,0,India,,No
CUST-10473,51,Pune,Silver,58,777.69,45106.02,0,India,REF188,No
CUST-10474,52,Delhi,Bronze,31,2779.67,86169.77,2,India,,Yes
CUST-10475,29,Chennai,Silver,34,1126.17,38289.78,3,India,,Yes
CUST-10476,26,Mumbai,Silver,70,1031.12,72178.4,1,India,REF112,No
CUST-10477,47,Hyderabad,Bronze,33,5257.1,173484.3,4,India,,Yes
CUST-10478,50,Delhi,Bronze,54,1021.75,55174.5,0,India,REF928,No
CUST-10479,67,,Bronze,69,531.15,36649.35,2,India,,No
CUST-10480,64,Pune,Silver,70,467.06,32694.2,0,India,,No
CUST-10481,37,Chennai,Gold,23,1752.07,40297.61,0,India,REF325,No
CUST-10482,,Mumbai,Bronze,29,1709.91,49587.39,1,India,REF240,No
CUST-10483,31,,Bronze,3,447.04,1341.12,2,India,,Yes
CUST-10484,63,Bengaluru,Bronze,54,608.92,32881.68,1,India,,No
CUST-10485,41,Bengaluru,Silver,28,2054.46,57524.88,1,India,,Yes
CUST-10486,69,Bengaluru,Bronze,1,2125.61,2125.61,1,India,,No
CUST-10487,52,Hyderabad,Silver,11,800.65,8807.15,0,India,REF783,Yes
CUST-10488,48,Pune,Gold,13,2203.44,28644.72,1,India,,No
CUST-10489,23,Hyderabad,Gold,6,2116.43,12698.58,1,India,REF407,Yes
CUST-10490,48,Chennai,Silver,5,321.67,1608.35,3,India,,Yes
CUST-10491,37,Hyderabad,Bronze,41,1043.51,42783.91,2,India,,Yes
CUST-10492,,Pune,Bronze,17,1867.02,31739.34,0,India,,No
CUST-10493,24,Chennai,Bronze,68,846.86,57586.48,1,India,,No
CUST-10494,,Pune,Silver,41,241.98,9921.18,0,India,,No
CUST-10495,,Hyderabad,Bronze,42,1068.05,44858.1,3,India,,Yes
CUST-10496,53,,Bronze,38,2444.69,92898.22,1,India,,No
CUST-10497,61,Hyderabad,Platinum,46,4742.52,218155.92,0,India,,No
CUST-10498,45,Bengaluru,Gold,56,232.15,13000.4,2,India,,No
CUST-10499,37,Pune,Bronze,23,10836.3,249234.9,1,India,REF456,No
CUST-10500,33,Delhi,Gold,44,543.64,23920.16,0,India,,No
CUST-10501,37,Delhi,Bronze,41,2880.09,118083.69,2,India,REF802,No
CUST-10502,52,Bengaluru,Bronze,49,3595.21,176165.29,2,India,,No
CUST-10503,46,Mumbai,Platinum,54,2940.73,158799.42,3,India,,No
CUST-10504,33,Hyderabad,Platinum,55,1509.74,83035.7,1,India,,No
CUST-10505,29,,Silver,42,528.94,22215.48,2,India,,Yes
CUST-10506,,Pune,Silver,6,26533.199999999997,159199.2,1,India,REF171,No
CUST-10507,30,Chennai,Bronze,57,755.83,43082.31,4,India,,Yes
CUST-10508,28,Chennai,Gold,69,178.01,12282.69,1,India,REF798,No
CUST-10509,,Chennai,Bronze,40,12875.98,515039.2,2,India,,No
CUST-10510,62,Bengaluru,Bronze,32,2360.15,75524.8,1,India,,Yes
CUST-10511,41,Pune,Bronze,15,5735.68,86035.2,0,India,,No
CUST-10512,,Mumbai,Silver,33,645.94,21316.02,1,India,,Yes
CUST-10513,22,Pune,Silver,42,4332.94,181983.48,3,India,,Yes
CUST-10514,35,Mumbai,Gold,56,4778.56,267599.36,2,India,REF933,No
CUST-10515,57,Chennai,Bronze,35,4645.43,162590.05,1,India,,No
CUST-10516,58,Chennai,Gold,13,1316.9,17119.7,1,India,,No
CUST-10517,48,Pune,Platinum,12,511.85,6142.2,1,India,,No
CUST-10518,63,Delhi,Silver,38,1162.29,44167.02,2,India,,No
CUST-10519,33,Pune,Bronze,44,229.93,10116.92,2,India,,Yes
CUST-10520,26,Delhi,Bronze,63,343.23,21623.49,3,India,,Yes
CUST-10521,22,Delhi,Bronze,59,1441.66,85057.94,0,India,,No
CUST-10522,28,Chennai,Bronze,42,606.0,25452.0,3,India,REF478,Yes
CUST-10523,57,,Gold,10,1174.32,11743.2,1,India,,No
CUST-10524,65,Mumbai,Bronze,59,14730.96,869126.64,1,India,REF912,No
CUST-10525,24,Pune,Bronze,39,6276.59,244787.01,0,India,,No
CUST-10526,44,Chennai,Bronze,60,3782.35,226941.0,1,India,,No
CUST-10527,24,Pune,Silver,53,1292.2,68486.6,3,India,,No
CUST-10528,61,Bengaluru,Bronze,23,3523.18,81033.14,3,India,,Yes
CUST-10529,24,Delhi,Gold,29,717.83,20817.07,0,India,,No
CUST-10530,51,Mumbai,Silver,30,1022.99,30689.7,0,India,,No
CUST-10531,22,Mumbai,Bronze,20,2774.37,55487.4,1,India,,No
CUST-10532,56,Chennai,Silver,55,496.05,27282.75,2,India,REF359,No
CUST-10533,65,,Bronze,27,1071.5,28930.5,3,India,,Yes
CUST-10534,56,Chennai,Silver,50,465.6,23280.0,3,India,,Yes
CUST-10535,32,Mumbai,Silver,39,1471.41,57384.99,2,India,,No
CUST-10536,61,Pune,Bronze,30,4944.41,148332.3,0,India,,No
CUST-10537,33,Chennai,Bronze,49,733.86,35959.14,0,India,,No
CUST-10538,57,Delhi,Gold,13,1604.72,20861.36,0,India,,No
CUST-10539,61,Delhi,Gold,40,653.37,26134.8,1,India,,No
CUST-10540,,,Gold,11,533.98,5873.78,1,India,,No
CUST-10541,,Chennai,Silver,8,5980.32,47842.56,2,India,REF557,Yes
CUST-10542,62,Hyderabad,Gold,59,4288.97,253049.23,0,India,,No
CUST-10543,27,Bengaluru,Bronze,59,8865.73,523078.07,0,India,REF994,No
CUST-10544,19,Delhi,Platinum,48,1971.27,94620.96,1,India,,No
CUST-10545,40,Hyderabad,Bronze,66,755.19,49842.54,2,India,,No
CUST-10546,27,Pune,Gold,44,2354.1,103580.4,1,India,,No
CUST-10547,63,Delhi,Gold,8,1025.1,8200.8,5,India,,Yes
CUST-10548,63,Mumbai,Bronze,28,2543.05,71205.4,1,India,,No
CUST-10549,37,Mumbai,Gold,18,1690.53,30429.54,2,India,,No
CUST-10550,34,Hyderabad,Platinum,52,1675.33, ,0,India,,No
CUST-10551,,Chennai,Bronze,13,2177.26,28304.38,1,India,,Yes
CUST-10552,41,Chennai,Silver,43,842.53,36228.79,1,India,REF138,Yes
CUST-10553,23,Chennai,Bronze,61,969.23,59123.03,1,India,,No
CUST-10554,52,,Silver,14,337.99,4731.86,1,India,,No
CUST-10555,55,Bengaluru,Bronze,65,940.59,61138.35,1,India,,No
CUST-10556,21,Delhi,Silver,50,429.29,21464.5,2,India,,Yes
CUST-10557,58,,Bronze,4,1193.03,4772.12,1,India,,Yes
CUST-10558,45,Chennai,Bronze,38,622.59,23658.42,0,India,REF707,No
CUST-10559,60,Pune,Gold,24,17429.04,418296.96,1,India,,Yes
CUST-10560,62,Bengaluru,Bronze,50,1924.83,96241.5,1,India,,Yes
CUST-10561,53,Delhi,Platinum,14,430.05,6020.7,2,India,,No
CUST-10562,35,Chennai,Silver,35,698.81,24458.35,1,India,,No
CUST-10563,37,Bengaluru,Bronze,34,629.77,21412.18,1,India,,No
CUST-10564,,Mumbai,Platinum,36,2433.77,87615.72,1,India,REF503,No
CUST-10565,21,,Bronze,66,5245.31,346190.46,0,India,,No
CUST-10566,30,Mumbai,Silver,67,2647.12,177357.04,2,India,,No
CUST-10567,44,Delhi,Platinum,5,1012.79,5063.95,1,India,,No
CUST-10568,67,Delhi,Platinum,56,4324.3,242160.8,1,India,,No
CUST-10569,57,Mumbai,Silver,13,398.9,5185.7,1,India,,Yes
CUST-10570,60,Pune,Bronze,12,4444.78,53337.36,2,India,,Yes
CUST-10571,27,Hyderabad,Silver,35,792.37,27732.95,2,India,,No
CUST-10572,32,Delhi,Bronze,70,144.86,10140.2,1,India,REF562,No
CUST-10573,,Mumbai,Bronze,38,11166.17,424314.46,2,India,,No
CUST-10574,56,Delhi,Bronze,42,4733.49,198806.58,2,India,,Yes
CUST-10575,45,,Bronze,53,586.69,31094.57,3,India,,Yes
CUST-10576,28,Chennai,Bronze,34,1533.35,52133.9,3,India,,Yes
CUST-10577,56,Hyderabad,Gold,32,1128.22,36103.04,0,India,REF375,Yes
CUST-10578,51,Delhi,Bronze,50,1453.57,72678.5,0,India,REF222,No
CUST-10579,,Bengaluru,Silver,11,4906.32, ,1,India,,Yes
CUST-10580,47,Mumbai,Bronze,63,776.51,48920.13,3,India,REF456,No
CUST-10581,24,,Silver,26,1947.63,50638.38,1,India,REF429,Yes
CUST-10582,64,Pune,Silver,42,1600.64,67226.88,1,India,,Yes
CUST-10583,27,Mumbai,Silver,70,3496.06,244724.2,1,India,,No
CUST-10584,20,Chennai,Gold,55,1427.67,78521.85,0,India,,No
CUST-10585,59,Pune,Silver,54,8772.5,473715.0,2,India,,Yes
CUST-10586,41,Mumbai,Gold,58,755.53,43820.74,0,India,,No
CUST-10587,51,Bengaluru,Silver,9,1648.24,14834.16,1,India,,Yes
CUST-10588,,Pune,Gold,32,289.15,9252.8,1,India,,No
CUST-10589,55,Delhi,Gold,58,491.52,28508.16,1,India,,No
CUST-10590,,Delhi,Silver,19,3877.01,73663.19,5,India,REF410,Yes
CUST-10591,69,Hyderabad,Bronze,23,630.02,14490.46,1,India,,No
CUST-10592,51,Hyderabad,Silver,63,2047.84,129013.92,0,India,,No
CUST-10593,,Mumbai,Bronze,56,1274.85,71391.6,0,India,,No
CUST-10594,59,Mumbai,Silver,18,580.77,10453.86,0,India,,Yes
CUST-10595,61,Hyderabad,Silver,1,1013.74,1013.74,1,India,,Yes
CUST-10596,,Delhi,Gold,35,887.68,31068.8,1,India,,No
CUST-10597,58,Mumbai,Bronze,62,906.97,56232.14,0,India,,No
CUST-10598,49,Bengaluru,Bronze,39,2447.66,95458.74,1,India,,Yes
CUST-10599,38,Chennai,Silver,12,2257.19, ,1,India,,Yes
CUST-10600,34,Bengaluru,Silver,35,843.92,29537.2,1,India,,Yes
CUST-10601,51,Delhi,Bronze,33,648.28,21393.24,2,India,,Yes
CUST-10602,,Bengaluru,Bronze,43,1678.86,72190.98,2,India,REF454,Yes
CUST-10603,27,Pune,Bronze,47,1236.44,58112.68,0,India,,No
CUST-10604,63,Bengaluru,Bronze,18,3049.17,54885.06,2,India,,Yes
CUST-10605,57,Hyderabad,Bronze,37,11206.34,414634.58,2,India,,No
CUST-10606,48,Chennai,Bronze,35,2628.95,92013.25,2,India,,Yes
CUST-10607,57,Chennai,Bronze,12,1302.73,15632.76,0,India,,Yes
CUST-10608,,Delhi,Bronze,36,1167.2,42019.2,1,India,,No
CUST-10609,55,Mumbai,Bronze,10,674.95,6749.5,1,India,,Yes
CUST-10610,28,Hyderabad,Bronze,14,648.5,9079.0,3,India,,Yes
CUST-10611,41,Delhi,Bronze,21,600.2,12604.2,1,India,,Yes
CUST-10612,25,Pune,Silver,69,976.26,67361.94,1,India,,No
CUST-10613,37,,Silver,4,951.73,3806.92,1,India,,Yes
CUST-10614,35,Pune,Silver,61,2428.39,148131.79,1,India,REF274,No
CUST-10615,39,,Silver,16,973.41,15574.56,0,India,,Yes
CUST-10616,42,Mumbai,Bronze,68,1143.72,77772.96,0,India,,No
CUST-10617,19,Mumbai,Bronze,10,505.42, ,2,India,,Yes
CUST-10618,,Chennai,Bronze,44,4992.34,219662.96,2,India,REF908,Yes
CUST-10619,61,Hyderabad,Platinum,34,2009.4,68319.6,2,India,,No
CUST-10620,40,Chennai,Gold,17,5603.23,95254.91,1,India,,No
CUST-10621,46,Hyderabad,Silver,26,2533.88,65880.88,4,India,,Yes
CUST-10622,23,Mumbai,Silver,29,4410.35,127900.15,1,India,,Yes
CUST-10623,38,Hyderabad,Silver,42,1097.96,46114.32,1,India,,Yes
CUST-10624,68,Delhi,Gold,53,2377.32,125997.96,1,India,,Yes
CUST-10625,,Delhi,Bronze,20,11665.66,233313.2,0,India,REF596,Yes
CUST-10626,19,Chennai,Gold,28,503.29,14092.12,2,India,,Yes
CUST-10627,55,Delhi,Silver,3,3432.4,10297.2,2,India,,Yes
CUST-10628,58,Pune,Bronze,19,5210.11,98992.09,2,India,REF913,Yes
CUST-10629,37,Chennai,Bronze,24,1876.01,45024.24,2,India,,No
CUST-10630,19,,Bronze,58,2470.49,143288.42,0,India,,No
CUST-10631,61,Pune,Silver,54,3728.3,201328.2,1,India,,No
CUST-10632,31,Bengaluru,Platinum,55,783.49,43091.95,3,India,,Yes
CUST-10633,65,Delhi,Gold,19,1870.44,35538.36,1,India,,Yes
CUST-10634,36,Delhi,Bronze,16,658.26,10532.16,2,India,,Yes
CUST-10635,38,Mumbai,Bronze,29,770.47,22343.63,1,India,REF144,No
CUST-10636,59,Bengaluru,Bronze,31,808.15,25052.65,1,India,,No
CUST-10637,25,Delhi,Bronze,54,1191.52,64342.08,2,India,REF816,No
CUST-10638,19,Pune,Bronze,62,1509.93,93615.66,0,India,,No
CUST-10639,57,Chennai,Silver,29,1939.97,56259.13,1,India,,Yes
CUST-10640,66,Delhi,Bronze,16,419.59,6713.44,2,India,,Yes
CUST-10641,69,Chennai,Silver,63,6777.88,427006.44,2,India,,No
CUST-10642,24,Hyderabad,Bronze,39,3452.39,134643.21,0,India,,Yes
CUST-10643,25,Bengaluru,Platinum,66,2428.07,160252.62,3,India,REF721,No
CUST-10644,35,Pune,Silver,28,999.02,27972.56,1,India,,No
CUST-10645,55,Hyderabad,Bronze,23,1245.08,28636.84,2,India,,No
CUST-10646,65,Mumbai,Gold,5,2098.41,10492.05,2,India,,Yes
CUST-10647,60,Pune,Bronze,53,1876.48,99453.44,1,India,,No
CUST-10648,37,,Silver,36,338.04,12169.44,0,India,,Yes
CUST-10649,65,Pune,Bronze,18,2458.79,44258.22,2,India,,Yes
CUST-10650,31,Delhi,Silver,32,14626.61,468051.52,2,India,,Yes
CUST-10651,24,Bengaluru,Bronze,10,294.53,2945.3,3,India,,Yes
CUST-10652,40,Mumbai,Bronze,69,3028.26,208949.94,1,India,,No
CUST-10653,22,Bengaluru,Bronze,32,1813.11,58019.52,2,India,,Yes
CUST-10654,53,Chennai,Platinum,22,1222.27,26889.94,1,India,REF341,No
CUST-10655,69,Bengaluru,Bronze,43,4128.27,177515.61,1,India,,Yes
CUST-10656,23,Delhi,Bronze,57,507.31,28916.67,0,India,REF380,No
CUST-10657,24,,Bronze,67,1531.0,102577.0,2,India,,Yes
CUST-10658,27,Mumbai,Bronze,49,4454.03,218247.47,3,India,,Yes
CUST-10659,27,Bengaluru,Bronze,11,1139.47,12534.17,1,India,,Yes
CUST-10660,,Delhi,Bronze,30,950.12,28503.6,3,India,REF328,Yes
CUST-10661,47,Delhi,Silver,51,1472.01, ,2,India,,No
CUST-10662,67,Hyderabad,Silver,59,929.45,54837.55,3,India,,Yes
CUST-10663,41,Bengaluru,Bronze,34,4775.89,162380.26,1,India,,No
CUST-10664,66,Hyderabad,Silver,61,635.57,38769.77,0,India,,No
CUST-10665,,Hyderabad,Silver,10,2745.02,27450.2,2,India,,Yes
CUST-10666,62,,Bronze,25,478.5,11962.5,1,India,,No
CUST-10667,27,Pune,Bronze,70,2321.71,162519.7,0,India,,No
CUST-10668,41,Chennai,Silver,14,1228.76,17202.64,0,India,REF844,Yes
CUST-10669,65,Mumbai,Bronze,50,160.11,8005.5,1,India,,No
CUST-10670,57,Pune,Gold,15,1332.86,19992.9,4,India,,Yes
CUST-10671,29,Bengaluru,Bronze,10,557.0,5570.0,0,India,,Yes
CUST-10672,61,Pune,Silver,12,929.43,11153.16,1,India,REF251,Yes
CUST-10673,57,Bengaluru,Bronze,65,4746.87,308546.55,0,India,,No
CUST-10674,25,Hyderabad,Bronze,70,534.39,37407.3,3,India,,No
CUST-10675,21,Mumbai,Gold,8,560.06,4480.48,3,India,,Yes
CUST-10676,,Chennai,Bronze,51,4379.57,223358.07,0,India,REF144,No
CUST-10677,42,Hyderabad,Gold,7,1473.44,10314.08,2,India,,No
CUST-10678,25,Hyderabad,Gold,59,4758.96,280778.64,1,India,,No
CUST-10679,19,,Platinum,24,1747.75,41946.0,1,India,,No
CUST-10680,23,Delhi,Bronze,4,648.3,2593.2,1,India,,Yes
CUST-10681,34,Mumbai,Bronze,67,1268.34,84978.78,4,India,REF454,No
CUST-10682,,Delhi,Bronze,66,3682.34,243034.44,1,India,,Yes
CUST-10683,34,Pune,Bronze,3,2904.46,8713.38,1,India,,No
CUST-10684,41,Mumbai,Gold,28,1340.41,37531.48,1,India,,Yes
CUST-10685,,Delhi,Silver,66,1394.25,92020.5,0,India,,No
CUST-10686,30,Mumbai,Bronze,25,1221.02,30525.5,4,India,REF480,Yes
CUST-10687,41,Delhi,Bronze,44,832.36,36623.84,2,India,REF133,No
CUST-10688,,Pune,Silver,62,6559.72,406702.64,0,India,,No
CUST-10689,20,Delhi,Silver,5,1347.38,6736.9,0,India,,No
CUST-10690,,Pune,Bronze,35,528.3,18490.5,3,India,,Yes
CUST-10691,69,Mumbai,Silver,41,10857.119999999999,445141.92,1,India,,No
CUST-10692,33,Chennai,Bronze,66,2434.4,160670.4,0,India,,No
CUST-10693,,Chennai,Bronze,33,2270.26,74918.58,1,India,,No
CUST-10694,31,Pune,Bronze,60,1196.55,71793.0,1,India,,No
CUST-10695,65,Bengaluru,Platinum,41,772.93,31690.13,1,India,,No
CUST-10696,52,Hyderabad,Silver,31,1366.03,42346.93,3,India,,Yes
CUST-10697,30,Chennai,Silver,53,338.14,17921.42,1,India,,No
CUST-10698,21,Delhi,Bronze,61,459.09,28004.49,1,India,,No
CUST-10699,38,Chennai,Bronze,49,2584.07,126619.43,0,India,,No
CUST-10700,56,Hyderabad,Silver,44,903.06,39734.64,0,India,,No
CUST-10701,29,Pune,Silver,71,1823.27,129452.17,0,India,,No
CUST-10702,44,Bengaluru,Gold,43,3648.51,156885.93,1,India,,No
CUST-10703,24,Bengaluru,Bronze,12,2285.48,27425.76,2,India,REF200,Yes
CUST-10704,,Delhi,Bronze,66,1362.33,89913.78,2,India,,No
CUST-10705,19,Mumbai,Bronze,58,7710.86,447229.88,2,India,,No
CUST-10706,69,Mumbai,Bronze,27,2319.71,62632.17,1,India,,Yes
CUST-10707,44,,Gold,30,1000.68,30020.4,1,India,,No
CUST-10708,,Pune,Bronze,48,2445.87,117401.76,2,India,,No
CUST-10709,24,Chennai,Bronze,56,1873.34,104907.04,2,India,,No
CUST-10710,,Hyderabad,Silver,50,7949.88,397494.0,1,India,,Yes
CUST-10711,27,Chennai,Silver,64,1422.27,91025.28,2,India,,No
CUST-10712,47,Delhi,Bronze,6,1169.46,7016.76,1,India,,Yes
CUST-10713,62,Mumbai,Bronze,71,265.8,18871.8,3,India,REF486,No
CUST-10714,49,Bengaluru,Silver,35,1162.35,40682.25,1,India,,No
CUST-10715,43,Mumbai,Bronze,19,1061.2,20162.8,1,India,,No
CUST-10716,66,Pune,Gold,16,934.01,14944.16,0,India,,Yes
CUST-10717,27,Hyderabad,Bronze,33,346.24,11425.92,1,India,,Yes
CUST-10718,26,Chennai,Bronze,22,1000.52,22011.44,3,India,,Yes
CUST-10719,,Pune,Silver,67,1296.42,86860.14,0,India,,No
CUST-10720,62,Chennai,Gold,36,1456.57,52436.52,1,India,,Yes
CUST-10721,31,Mumbai,Bronze,68,526.43,35797.24,0,India,,No
CUST-10722,31,Bengaluru,Silver,48,2253.37,108161.76,1,India,,No
CUST-10723,45,Chennai,Bronze,27,492.88,13307.76,0,India,,No
CUST-10724,58,Hyderabad,Bronze,29,1114.28,32314.12,2,India,,No
CUST-10725,32,Mumbai,Bronze,67,3917.96, ,2,India,REF263,No
CUST-10726,60,Mumbai,Gold,47,757.93,35622.71,0,India,,Yes
CUST-10727,,Pune,Platinum,29,10560.84,306264.36,1,India,,No
CUST-10728,54,Chennai,Bronze,54,3237.91,174847.14,0,India,REF100,No
CUST-10729,50,Pune,Gold,27,976.75,26372.25,3,India,,Yes
CUST-10730,42,Mumbai,Bronze,16,1049.21,16787.36,2,India,REF817,Yes
CUST-10731,45,Chennai,Silver,54,1606.62,86757.48,0,India,,Yes
CUST-10732,69,Pune,Bronze,7,3173.96,22217.72,0,India,,Yes
CUST-10733,38,Mumbai,Bronze,34,218.83,7440.22,1,India,,No
CUST-10734,67,Mumbai,Bronze,30,677.94,20338.2,3,India,,No
CUST-10735,,Hyderabad,Bronze,32,585.27,18728.64,3,India,REF162,Yes
CUST-10736,27,Hyderabad,Platinum,16,549.2, ,1,India,,Yes
CUST-10737,63,Hyderabad,Bronze,28,663.66,18582.48,1,India,,Yes
CUST-10738,37,Delhi,Bronze,9,672.34,6051.06,0,India,,Yes
CUST-10739,27,Hyderabad,Bronze,31,1715.35,53175.85,2,India,,Yes
CUST-10740,31,Pune,Silver,53,645.68,34221.04,0,India,,No
CUST-10741,25,Chennai,Bronze,10,1480.99,14809.9,2,India,,Yes
CUST-10742,35,Pune,Bronze,11,1861.5,20476.5,1,India,REF291,No
CUST-10743,23,Delhi,Bronze,5,736.24,3681.2,1,India,,Yes
CUST-10744,46,Bengaluru,Platinum,60,1490.85,89451.0,2,India,,No
CUST-10745,68,Hyderabad,Bronze,54,5125.66,276785.64,1,India,,No
CUST-10746,68,Hyderabad,Bronze,4,1744.19,6976.76,2,India,,Yes
CUST-10747,66,Pune,Silver,41,794.42,32571.22,1,India,,No
CUST-10748,30,Pune,Bronze,34,1270.01,43180.34,1,India,,No
CUST-10749,29,Chennai,Silver,48,632.48,30359.04,2,India,REF173,Yes
CUST-10750,53,Hyderabad,Platinum,27,1671.89,45141.03,1,India,,No
CUST-10751,68,Pune,Silver,57,2713.4,154663.8,4,India,,Yes
CUST-10752,60,Delhi,Silver,37,685.15,25350.55,2,India,,Yes
CUST-10753,28,Delhi,Platinum,17,1128.73,19188.41,0,India,,No
CUST-10754,56,Hyderabad,Silver,36,3327.04,119773.44,2,India,,Yes
CUST-10755,,Hyderabad,Silver,17,891.77,15160.09,2,India,,Yes
CUST-10756,41,Delhi,Gold,36,1561.94,56229.84,2,India,,Yes
CUST-10757,,Pune,Platinum,20,580.04,11600.8,3,India,REF998,Yes
CUST-10758,46,,Silver,31,685.79,21259.49,0,India,,Yes
CUST-10759,65,Delhi,Bronze,22,881.15,19385.3,4,India,,Yes
CUST-10760,59,Pune,Bronze,38,7639.26,290291.88,4,India,REF419,No
CUST-10761,20,Bengaluru,Bronze,55,965.61,53108.55,2,India,,No
CUST-10762,57,Hyderabad,Bronze,49,876.58,42952.42,2,India,,No
CUST-10763,34,Mumbai,Gold,27,853.59,23046.93,3,India,REF921,Yes
CUST-10764,35,Chennai,Silver,36,1173.23,42236.28,3,India,,Yes
CUST-10765,49,,Gold,23,2263.67,52064.41,0,India,,No
CUST-10766,69,Hyderabad,Silver,23,1558.68,35849.64,1,India,REF218,Yes
CUST-10767,21,Hyderabad,Silver,46,6948.3,319621.8,3,India,REF681,Yes
CUST-10768,44,Pune,Gold,56,1589.28,88999.68,3,India,,No
CUST-10769,30,Bengaluru,Silver,14,4263.83,59693.62,2,India,,No
CUST-10770,65,Chennai,Silver,19,1671.32,31755.08,3,India,,Yes
CUST-10771,42,,Silver,8,2174.31,17394.48,3,India,,Yes
CUST-10772,62,Bengaluru,Bronze,71,422.05,29965.55,2,India,,No
CUST-10773,63,Chennai,Gold,50,1209.97,60498.5,2,India,,No
CUST-10774,23,Mumbai,Bronze,12,1267.55,15210.6,1,India,,Yes
CUST-10775,57,,Platinum,54,1102.83,59552.82,4,India,,No
CUST-10776,,Delhi,Platinum,22,239.29,5264.38,0,India,,No
CUST-10777,61,Mumbai,Gold,22,2709.45,59607.9,1,India,,No
CUST-10778,69,Mumbai,Silver,35,982.68,34393.8,1,India,REF698,Yes
CUST-10779,57,Chennai,Bronze,46,943.45,43398.7,3,India,,Yes
CUST-10780,61,Mumbai,Bronze,47,1092.11,51329.17,3,India,,Yes
CUST-10781,54,Mumbai,Silver,3,1116.03,3348.09,2,India,,Yes
CUST-10782,33,Mumbai,Bronze,53,1855.07,98318.71,2,India,,No
CUST-10783,62,Pune,Gold,29,484.53,14051.37,0,India,,Yes
CUST-10784,54,Delhi,Gold,66,635.98,41974.68,2,India,REF849,No
CUST-10785,53,Chennai,Silver,42,1690.04,70981.68,0,India,,No
CUST-10786,,Pune,Gold,67,1504.88,100826.96,0,India,,No
CUST-10787,56,Pune,Bronze,18,990.96,17837.28,1,India,REF782,No
CUST-10788,35,Delhi,Gold,48,846.3,40622.4,0,India,REF207,No
CUST-10789,33,Mumbai,Platinum,25,687.09,17177.25,0,India,,No
CUST-10790,35,Hyderabad,Silver,61,1278.34,77978.74,0,India,,No
CUST-10791,26,Delhi,Platinum,44,3444.68,151565.92,1,India,REF257,No
CUST-10792,22,Bengaluru,Silver,54,574.53,31024.62,0,India,,No
CUST-10793,57,Pune,Silver,42,4530.8,190293.6,3,India,,Yes
CUST-10794,58,Pune,Silver,55,2631.17,144714.35,0,India,REF848,No
CUST-10795,26,Hyderabad,Bronze,11,932.28,10255.08,1,India,,Yes
CUST-10796,38,Delhi,Bronze,17,2506.04,42602.68,2,India,,No
CUST-10797,65,Pune,Gold,51,414.58,21143.58,2,India,,No
CUST-10798,61,Pune,Bronze,14,335.2,4692.8,1,India,,Yes
CUST-10799,49,Chennai,Silver,6,477.31,2863.86,2,India,,Yes
CUST-10800,68,Hyderabad,Bronze,40,965.07,38602.8,0,India,REF274,No
CUST-10801,,Pune,Gold,69,1032.43,71237.67,1,India,,No
CUST-10802,61,Chennai,Platinum,23,887.04,20401.92,0,India,,No
CUST-10803,,Delhi,Silver,15,1450.32,21754.8,2,India,REF986,No
CUST-10804,48,Delhi,Bronze,52,242.71,12620.92,2,India,REF613,No
CUST-10805,26,Pune,Silver,19,1990.78,37824.82,0,India,,Yes
CUST-10806,33,Bengaluru,Silver,56,430.33,24098.48,0,India,,No
CUST-10807,,Mumbai,Gold,15,789.44,11841.6,2,India,REF823,Yes
CUST-10808,32,Bengaluru,Bronze,14,962.68,13477.52,3,India,,Yes
CUST-10809,22,Bengaluru,Bronze,71,531.14,37710.94,1,India,,Yes
CUST-10810,26,Chennai,Gold,43,447.29,19233.47,1,India,,No
CUST-10811,68,Chennai,Gold,21,598.92,12577.32,1,India,,No
CUST-10812,,Pune,Gold,33,1326.71,43781.43,2,India,,No
CUST-10813,,,Silver,43,2147.34,92335.62,0,India,,No
CUST-10814,40,Pune,Silver,4,2103.56,8414.24,2,India,,Yes
CUST-10815,59,Pune,Platinum,71,604.5,42919.5,1,India,,No
CUST-10816,23,Mumbai,Silver,34,711.05,24175.7,1,India,,Yes
CUST-10817,32,Chennai,Bronze,68,641.31,43609.08,1,India,,No
CUST-10818,,Bengaluru,Bronze,57,23034.72,1312979.04,1,India,,No
CUST-10819,59,Mumbai,Bronze,4,262.45,1049.8,2,India,,Yes
CUST-10820,41,Bengaluru,Bronze,57,3607.14,205606.98,2,India,,No
CUST-10821,54,Hyderabad,Bronze,38,908.83,34535.54,0,India,,No
CUST-10822,59,Delhi,Bronze,63,715.64,45085.32,2,India,,No
CUST-10823,51,Delhi,Silver,43,1757.35,75566.05,1,India,,No
CUST-10824,60,,Gold,20,3059.77,61195.4,2,India,,Yes
CUST-10825,67,Hyderabad,Bronze,50,21141.12,1057056.0,1,India,,No
CUST-10826,,Bengaluru,Bronze,21,3109.43,65298.03,0,India,REF695,No
CUST-10827,40,Bengaluru,Gold,24,1491.42,35794.08,0,India,,No
CUST-10828,29,Delhi,Gold,42,3582.12,150449.04,2,India,REF839,No
CUST-10829,39,Pune,Platinum,24,3626.88,87045.12,1,India,,No
CUST-10830,18,Mumbai,Bronze,67,1236.97,82876.99,0,India,,No
CUST-10831,53,Hyderabad,Silver,1,4235.96,4235.96,1,India,,Yes
CUST-10832,,Mumbai,Silver,28,1528.11, ,0,India,REF197,No
CUST-10833,61,,Silver,3,1435.85,4307.55,1,India,REF422,Yes
CUST-10834,55,Hyderabad,Bronze,52,640.87,33325.24,0,India,,No
CUST-10835,35,Bengaluru,Gold,40,12757.560000000001,510302.4,1,India,,No
CUST-10836,41,Pune,Silver,11,2495.06,27445.66,2,India,,Yes
CUST-10837,52,Delhi,Bronze,6,468.66,2811.96,1,India,,Yes
CUST-10838,39,Pune,Bronze,53,2252.28,119370.84,2,India,,No
CUST-10839,28,Pune,Silver,15,1770.28,26554.2,1,India,,Yes
CUST-10840,20,Chennai,Bronze,60,1672.46,100347.6,1,India,,No
CUST-10841,46,Pune,Gold,24,229.25,5502.0,4,India,,No
CUST-10842,45,Pune,Bronze,39,1233.25,48096.75,0,India,,No
CUST-10843,57,Mumbai,Bronze,6,2249.83,13498.98,0,India,,Yes
CUST-10844,24,Mumbai,Bronze,37,727.52,26918.24,2,India,,Yes
CUST-10845,,Bengaluru,Bronze,3,1439.78,4319.34,4,India,,Yes
CUST-10846,56,Delhi,Gold,16,199.84,3197.44,1,India,,Yes
CUST-10847,55,Hyderabad,Bronze,66,2291.85,151262.1,2,India,REF362,No
CUST-10848,59,Chennai,Gold,70,788.44,55190.8,1,India,,No
CUST-10849,18,Pune,Gold,31,2689.43,83372.33,2,India,,Yes
CUST-10850,,Chennai,Bronze,65,306.67,19933.55,3,India,,Yes
CUST-10851,67,Delhi,Bronze,15,2330.44,34956.6,1,India,,Yes
CUST-10852,57,Chennai,Silver,42,1108.15,46542.3,2,India,,No
CUST-10853,42,Pune,Bronze,51,2555.7,130340.7,2,India,,Yes
CUST-10854,42,Chennai,Gold,64,638.7,40876.8,2,India,,No
CUST-10855,39,Bengaluru,Bronze,1,9800.039999999999,9800.04,1,India,,Yes
CUST-10856,20,Chennai,Silver,43,8054.3,346334.9,1,India,,No
CUST-10857,55,Hyderabad,Bronze,18,689.55,12411.9,3,India,,Yes
CUST-10858,45,Bengaluru,Bronze,28,761.41,21319.48,2,India,,Yes
CUST-10859,45,Bengaluru,Bronze,69,1073.56,74075.64,3,India,REF732,No
CUST-10860,66,Chennai,Gold,47,591.08,27780.76,2,India,,No
CUST-10861,56,Mumbai,Silver,64,3471.58,222181.12,6,India,,Yes
CUST-10862,,Pune,Silver,14,5324.16,74538.24,4,India,,Yes
CUST-10863,,Mumbai,Bronze,46,762.59,35079.14,0,India,,No
CUST-10864,67,Pune,Bronze,66,336.69,22221.54,0,India,,No
CUST-10865,47,Delhi,Gold,7,3420.64,23944.48,0,India,,No
CUST-10866,38,Mumbai,Silver,62,3250.98,201560.76,3,India,,No
CUST-10867,47,Hyderabad,Gold,23,2584.6,59445.8,0,India,,No
CUST-10868,19,Delhi,Silver,30,3378.57,101357.1,2,India,,No
CUST-10869,66,Bengaluru,Bronze,2,669.13,1338.26,1,India,REF929,Yes
CUST-10870,50,Pune,Gold,60,1170.52,70231.2,3,India,,No
CUST-10871,20,Bengaluru,Bronze,16,442.62,7081.92,3,India,REF337,Yes
CUST-10872,65,Pune,Bronze,71,430.72,30581.12,2,India,,No
CUST-10873,41,Hyderabad,Silver,2,2936.23,5872.46,2,India,REF350,Yes
CUST-10874,24,Mumbai,Bronze,8,782.48,6259.84,0,India,,Yes
CUST-10875,,Delhi,Gold,9,8297.07,74673.63,3,India,,Yes
CUST-10876,21,Bengaluru,Silver,49,1421.32,69644.68,3,India,REF823,Yes
CUST-10877,,Pune,Bronze,45,802.44,36109.8,2,India,,No
CUST-10878,57,,Silver,15,2535.91,38038.65,1,India,,Yes
CUST-10879,,Hyderabad,Silver,8,5659.04,45272.32,0,India,,Yes
CUST-10880,59,Mumbai,Bronze,19,1976.15,37546.85,2,India,,Yes
CUST-10881,48,Hyderabad,Bronze,12,505.87,6070.44,1,India,,No
CUST-10882,34,Mumbai,Bronze,51,1802.27,91915.77,1,India,,No
CUST-10883,,Mumbai,Bronze,65,4025.8,261677.0,1,India,REF678,No
CUST-10884,18,Bengaluru,Bronze,31,902.72,27984.32,0,India,,Yes
CUST-10885,28,Bengaluru,Bronze,24,721.32,17311.68,0,India,,No
CUST-10886,,,Silver,38,3020.44,114776.72,1,India,,No
CUST-10887,63,Delhi,Silver,24,1498.13,35955.12,2,India,,No
CUST-10888,44,Bengaluru,Bronze,13,554.44,7207.72,1,India,,No
CUST-10889,28,Chennai,Gold,7,988.51,6919.57,1,India,REF319,Yes
CUST-10890,56,Pune,Gold,47,731.77,34393.19,1,India,,No
CUST-10891,41,Delhi,Silver,57,1697.67,96767.19,0,India,,No
CUST-10892,61,Mumbai,Silver,37,1462.27,54103.99,4,India,,No
CUST-10893,57,Delhi,Bronze,49,3362.22,164748.78,1,India,,No
CUST-10894,66,Bengaluru,Gold,9,2363.11,21267.99,1,India,,No
CUST-10895,54,Delhi,Silver,39,383.44,14954.16,1,India,,No
CUST-10896,23,Pune,Bronze,48,1854.91,89035.68,2,India,,No
CUST-10897,46,Mumbai,Silver,44,2745.03,120781.32,1,India,,No
CUST-10898,40,Mumbai,Silver,2,1928.9,3857.8,0,India,,Yes
CUST-10899,59,Chennai,Silver,8,3053.51,24428.08,2,India,,Yes
CUST-10860,66,Chennai,Gold,47,591.08,27780.76,2,India,,No
CUST-10880,59,Mumbai,Bronze,19,1976.15,37546.85,2,India,,Yes
CUST-10874,24,Mumbai,Bronze,8,782.48,6259.84,0,India,,Yes
CUST-10780,61,Mumbai,Bronze,47,1092.11,51329.17,3,India,,Yes
CUST-10525,24,Pune,Bronze,39,6276.59,244787.01,0,India,,No
CUST-10006,61,Delhi,Platinum,27,1474.95,39823.65,2,India,,No
CUST-10685,,Delhi,Silver,66,1394.25,92020.5,0,India,,No
CUST-10195,37,Hyderabad,Bronze,32,4344.16,139013.12,5,India,,Yes
CUST-10651,24,Bengaluru,Bronze,10,294.53,2945.3,3,India,,Yes
CUST-10363,,Delhi,Silver,61,2811.2,171483.2,0,India,,No
CUST-10017,59,Pune,Silver,53,3319.95,175957.35,2,India,,Yes
CUST-10223,,Bengaluru,Gold,2,1130.02,2260.04,3,India,,Yes
CUST-10835,35,Bengaluru,Gold,40,12757.560000000001,510302.4,1,India,,No
CUST-10748,30,Pune,Bronze,34,1270.01,43180.34,1,India,,No
CUST-10600,34,Bengaluru,Silver,35,843.92,29537.2,1,India,,Yes
CUST-10855,39,Bengaluru,Bronze,1,9800.039999999999,9800.04,1,India,,Yes
CUST-10858,45,Bengaluru,Bronze,28,761.41,21319.48,2,India,,Yes
CUST-10736,27,Hyderabad,Platinum,16,549.2, ,1,India,,Yes
CUST-10448,31,Mumbai,Bronze,59,2377.23,140256.57,1,India,,No
CUST-10867,47,Hyderabad,Gold,23,2584.6,59445.8,0,India,,No
